HPV_position,15361-CB-8-LabPrep_S50
1,562
2,916
3,1233
4,1405
5,1594
6,1785
7,2023
8,2258
9,2447
10,2653
11,2862
12,3078
13,3261
14,3484
15,3690
16,3836
17,4062
18,4320
19,4549
20,4768
21,4967
22,5166
23,5445
24,5614
25,5870
26,6102
27,6359
28,6563
29,6787
30,7024
31,7227
32,7482
33,7714
34,7934
35,8135
36,8369
37,8599
38,8808
39,8985
40,9159
41,9448
42,9700
43,9881
44,10164
45,10429
46,10619
47,10893
48,11125
49,11359
50,11613
51,11863
52,12120
53,12363
54,12537
55,12731
56,12927
57,13247
58,13504
59,13727
60,13976
61,14214
62,14419
63,14685
64,14929
65,15178
66,15405
67,15588
68,15877
69,16121
70,16345
71,16538
72,16811
73,17073
74,17324
75,17573
76,17813
77,18034
78,18269
79,18497
80,18795
81,19044
82,19300
83,19610
84,19823
85,20053
86,20262
87,20551
88,20655
89,20938
90,21210
91,21486
92,21729
93,22026
94,22298
95,22589
96,22881
97,23168
98,23419
99,23649
100,23943
101,24168
102,24448
103,24737
104,25016
105,25243
106,25533
107,25741
108,26053
109,26207
110,26541
111,26710
112,27061
113,27265
114,27534
115,27836
116,28061
117,28307
118,28571
119,28696
120,28987
121,29278
122,29488
123,29733
124,30026
125,30275
126,30526
127,30755
128,30983
129,31268
130,31470
131,31711
132,31836
133,32039
134,32232
135,32382
136,32570
137,32858
138,33035
139,33197
140,33429
141,33594
142,33748
143,33910
144,34119
145,34289
146,34480
147,34571
148,34798
149,34830
150,35053
151,35150
152,35228
153,35349
154,35267
155,35449
156,35514
157,35574
158,35561
159,35618
160,35600
161,35531
162,35694
163,35759
164,35872
165,35976
166,35862
167,35955
168,35988
169,36028
170,36084
171,36107
172,36244
173,36216
174,36208
175,36190
176,36160
177,36296
178,36277
179,36337
180,36331
181,36309
182,36351
183,36334
184,36381
185,36431
186,36373
187,36475
188,36407
189,36483
190,36453
191,36491
192,36378
193,36378
194,36453
195,36500
196,36418
197,36556
198,36506
199,36575
200,36510
201,36584
202,36586
203,36614
204,36631
205,36645
206,36794
207,36834
208,36829
209,36789
210,36783
211,36750
212,36751
213,36759
214,36741
215,36809
216,36848
217,36771
218,36802
219,36890
220,36876
221,36793
222,36836
223,36795
224,36849
225,36795
226,36789
227,36835
228,36893
229,36973
230,36942
231,36950
232,36939
233,36880
234,36794
235,36659
236,36686
237,36606
238,36699
239,36731
240,36752
241,36719
242,36723
243,36595
244,36685
245,36638
246,36605
247,36589
248,36590
249,36486
250,36574
251,36589
252,36638
253,36700
254,36710
255,36631
256,36648
257,36559
258,36550
259,36491
260,36535
261,36527
262,36635
263,36610
264,36651
265,36648
266,36668
267,36733
268,36684
269,36761
270,36776
271,36789
272,36902
273,36699
274,36741
275,36686
276,36698
277,36690
278,36630
279,36733
280,36787
281,36798
282,36851
283,36911
284,36953
285,36958
286,37037
287,37020
288,36951
289,36987
290,36872
291,36818
292,36946
293,36993
294,37015
295,36947
296,37094
297,37187
298,37181
299,37234
300,37263
301,37273
302,37209
303,37229
304,37293
305,37424
306,37382
307,37468
308,37533
309,37505
310,37533
311,37408
312,37476
313,37542
314,37403
315,37473
316,37511
317,37479
318,37565
319,37592
320,37700
321,37763
322,37760
323,37759
324,37799
325,37916
326,37950
327,38009
328,38038
329,38071
330,38047
331,38129
332,38056
333,38132
334,38065
335,38225
336,38208
337,38255
338,38356
339,38353
340,38407
341,38430
342,38414
343,38429
344,38497
345,38516
346,38612
347,38700
348,38798
349,38775
350,38712
351,38776
352,38823
353,38731
354,38727
355,38857
356,38925
357,39083
358,39091
359,39198
360,39160
361,39190
362,39258
363,39202
364,39285
365,39278
366,39239
367,39198
368,39184
369,39244
370,39376
371,39367
372,39513
373,39539
374,39465
375,39539
376,39450
377,39460
378,39455
379,39543
380,39651
381,39743
382,39825
383,39835
384,39912
385,39963
386,39998
387,40012
388,40085
389,40061
390,40091
391,40141
392,40171
393,40240
394,40305
395,40436
396,40376
397,40365
398,40540
399,40509
400,40599
401,40688
402,40708
403,40807
404,40780
405,40872
406,40931
407,41118
408,41234
409,41329
410,41386
411,41457
412,41498
413,41521
414,41562
415,41532
416,41741
417,41730
418,41818
419,41893
420,42074
421,42221
422,42283
423,42363
424,42386
425,42430
426,42465
427,42412
428,42384
429,42531
430,42568
431,42575
432,42436
433,42541
434,42704
435,42797
436,42976
437,43068
438,43155
439,43170
440,43322
441,43426
442,43581
443,43596
444,43504
445,43653
446,43761
447,43827
448,43811
449,43837
450,43934
451,43628
452,43773
453,43878
454,43957
455,44095
456,44171
457,44313
458,44505
459,44442
460,44516
461,44592
462,44633
463,44686
464,44699
465,44703
466,44770
467,44891
468,44881
469,44971
470,45038
471,45112
472,45080
473,45161
474,45254
475,45180
476,45387
477,45371
478,45356
479,45489
480,45607
481,45571
482,45640
483,45606
484,45695
485,45807
486,45808
487,45846
488,46010
489,46024
490,46155
491,46164
492,46108
493,46259
494,46191
495,46306
496,46392
497,46454
498,46539
499,46635
500,46707
501,46687
502,46685
503,46718
504,46670
505,46837
506,46861
507,46647
508,46814
509,46861
510,46867
511,46917
512,46951
513,47017
514,46974
515,47009
516,47113
517,47128
518,47197
519,47347
520,47352
521,47410
522,47598
523,47526
524,47541
525,47530
526,47501
527,47550
528,47521
529,47508
530,47511
531,47618
532,47668
533,47614
534,47596
535,47716
536,47721
537,47764
538,47679
539,47718
540,47697
541,47763
542,47888
543,47916
544,47806
545,47754
546,47799
547,47699
548,47787
549,47698
550,47669
551,47642
552,47778
553,47794
554,47739
555,47830
556,47856
557,47873
558,47699
559,47770
560,47841
561,47931
562,47788
563,47873
564,47820
565,47834
566,47711
567,47620
568,47562
569,47610
570,47675
571,47605
572,47638
573,47753
574,47738
575,47817
576,47850
577,47834
578,47839
579,47804
580,47751
581,47762
582,47757
583,47774
584,47757
585,47793
586,47676
587,47824
588,47856
589,47750
590,47854
591,47840
592,47906
593,47870
594,47804
595,47821
596,47654
597,47811
598,47866
599,47814
600,47843
601,47837
602,47749
603,47828
604,47717
605,47607
606,47514
607,47586
608,47715
609,47668
610,47625
611,47767
612,47730
613,47579
614,47627
615,47471
616,47492
617,47387
618,47429
619,47487
620,47394
621,47447
622,47347
623,47384
624,47245
625,47242
626,47384
627,47345
628,47304
629,47403
630,47386
631,47347
632,47327
633,47293
634,47192
635,47252
636,47222
637,47228
638,47122
639,47142
640,47252
641,47231
642,47196
643,47191
644,47260
645,47256
646,47204
647,47226
648,47155
649,47161
650,47202
651,47187
652,47144
653,47121
654,47239
655,47233
656,47284
657,47272
658,47162
659,47046
660,47086
661,47110
662,47152
663,47159
664,47188
665,47171
666,47217
667,47233
668,47171
669,47312
670,47299
671,47223
672,47274
673,47337
674,47435
675,47484
676,47447
677,47364
678,47157
679,47252
680,47244
681,47271
682,47242
683,47325
684,47317
685,47338
686,47382
687,47457
688,47483
689,47583
690,47619
691,47581
692,47629
693,47616
694,47506
695,47485
696,47449
697,47662
698,47612
699,47604
700,47663
701,47729
702,47769
703,47771
704,47798
705,47841
706,47733
707,47737
708,47693
709,47767
710,47849
711,47848
712,47842
713,47873
714,47904
715,47852
716,47785
717,47852
718,47739
719,47794
720,47634
721,47663
722,47750
723,47844
724,47848
725,47856
726,47882
727,47913
728,47914
729,47877
730,47963
731,47904
732,47945
733,47978
734,48034
735,48101
736,48152
737,48178
738,48225
739,48264
740,48282
741,48132
742,48162
743,48264
744,48336
745,48406
746,48171
747,48151
748,48197
749,48104
750,48087
751,48017
752,48029
753,48007
754,48024
755,48055
756,48012
757,48015
758,48042
759,48174
760,48274
761,48238
762,48349
763,48449
764,48335
765,48338
766,48398
767,48401
768,48508
769,48493
770,48536
771,48382
772,48365
773,48433
774,48467
775,48539
776,48550
777,48609
778,48480
779,48495
780,48495
781,48477
782,48420
783,48514
784,48531
785,48561
786,48505
787,48409
788,48357
789,48480
790,48422
791,48316
792,48388
793,48354
794,48467
795,48438
796,48515
797,48577
798,48465
799,48463
800,48396
801,48506
802,48506
803,48585
804,48556
805,48549
806,48625
807,48642
808,48835
809,48759
810,48774
811,48874
812,48885
813,48858
814,48843
815,48933
816,48948
817,48904
818,49038
819,48732
820,48834
821,48886
822,48942
823,48932
824,49081
825,49174
826,49097
827,49165
828,49225
829,49132
830,49130
831,49208
832,49134
833,49191
834,49229
835,49236
836,49340
837,49386
838,49464
839,49515
840,49455
841,49523
842,49485
843,49423
844,49390
845,49443
846,49359
847,49244
848,49368
849,49329
850,49373
851,49304
852,49320
853,49346
854,49248
855,49153
856,49201
857,49129
858,49226
859,49235
860,49292
861,49210
862,49252
863,49239
864,49320
865,49172
866,49095
867,48866
868,48971
869,49076
870,49040
871,49079
872,49085
873,49124
874,49099
875,49011
876,49164
877,49075
878,49064
879,48994
880,48990
881,48973
882,49169
883,49247
884,49114
885,49027
886,49028
887,48926
888,48920
889,49097
890,48892
891,48907
892,48934
893,48912
894,48941
895,48917
896,48936
897,48839
898,48847
899,48891
900,48852
901,48874
902,48917
903,48880
904,48944
905,48814
906,48755
907,48738
908,48823
909,48622
910,48573
911,48656
912,48701
913,48653
914,48697
915,48728
916,48598
917,48737
918,48789
919,48824
920,48886
921,48882
922,48942
923,48788
924,48859
925,48781
926,48876
927,48747
928,48812
929,48663
930,48724
931,48632
932,48642
933,48685
934,48714
935,48752
936,48718
937,48688
938,48574
939,48588
940,48560
941,48570
942,48572
943,48436
944,48447
945,48408
946,48367
947,48361
948,48408
949,48267
950,48298
951,48350
952,48328
953,48338
954,48324
955,48286
956,48279
957,48433
958,48339
959,48147
960,48271
961,48213
962,48136
963,48048
964,48008
965,47931
966,47944
967,47816
968,47836
969,47847
970,47767
971,47798
972,47710
973,47693
974,47699
975,47683
976,47654
977,47588
978,47618
979,47555
980,47541
981,47571
982,47605
983,47512
984,47441
985,47385
986,47346
987,47243
988,47191
989,46988
990,47109
991,47056
992,47052
993,47076
994,47056
995,47079
996,47109
997,47052
998,47024
999,47042
1000,46944
1001,47040
1002,47055
1003,47018
1004,47075
1005,46971
1006,46951
1007,46970
1008,46932
1009,46980
1010,47075
1011,47112
1012,47079
1013,47131
1014,47102
1015,47127
1016,47084
1017,47167
1018,47154
1019,47114
1020,47246
1021,47149
1022,47167
1023,47249
1024,47288
1025,47179
1026,47085
1027,47035
1028,47004
1029,46959
1030,46991
1031,46978
1032,46913
1033,46912
1034,46896
1035,46823
1036,46796
1037,46880
1038,46850
1039,46830
1040,46868
1041,46904
1042,46889
1043,46900
1044,46965
1045,46985
1046,47081
1047,46993
1048,46878
1049,47049
1050,47072
1051,47034
1052,46994
1053,47009
1054,47038
1055,47020
1056,46942
1057,46773
1058,46816
1059,46834
1060,46637
1061,46660
1062,46690
1063,46685
1064,46730
1065,46847
1066,46853
1067,46818
1068,46847
1069,46845
1070,46804
1071,46793
1072,46810
1073,46953
1074,46907
1075,46946
1076,46773
1077,46824
1078,46775
1079,46785
1080,46715
1081,46608
1082,46629
1083,46749
1084,46864
1085,46818
1086,46834
1087,46863
1088,46933
1089,46929
1090,46881
1091,46791
1092,46697
1093,46747
1094,46770
1095,46773
1096,46837
1097,46821
1098,46723
1099,46898
1100,46832
1101,46811
1102,46737
1103,46689
1104,46644
1105,46675
1106,46684
1107,46672
1108,46700
1109,46742
1110,46781
1111,46827
1112,46811
1113,46765
1114,46711
1115,46664
1116,46623
1117,46720
1118,46579
1119,46528
1120,46581
1121,46654
1122,46718
1123,46663
1124,46720
1125,46772
1126,46753
1127,46731
1128,46794
1129,46763
1130,46630
1131,46648
1132,46487
1133,46432
1134,46446
1135,46435
1136,46492
1137,46398
1138,46303
1139,46224
1140,46209
1141,46202
1142,46186
1143,46347
1144,46191
1145,46120
1146,46185
1147,46165
1148,45977
1149,45998
1150,45937
1151,45955
1152,45831
1153,45931
1154,45876
1155,45744
1156,45719
1157,45682
1158,45765
1159,45719
1160,45722
1161,45697
1162,45521
1163,45469
1164,45255
1165,45304
1166,45303
1167,45275
1168,45162
1169,45221
1170,45213
1171,45181
1172,45103
1173,44944
1174,44912
1175,44948
1176,44922
1177,44832
1178,44666
1179,44767
1180,44773
1181,44802
1182,44758
1183,44698
1184,44624
1185,44559
1186,44481
1187,44455
1188,44396
1189,44349
1190,44356
1191,44273
1192,44083
1193,44085
1194,44067
1195,43995
1196,44035
1197,43882
1198,43784
1199,43715
1200,43664
1201,43691
1202,43622
1203,43715
1204,43648
1205,43564
1206,43623
1207,43472
1208,43407
1209,43410
1210,43338
1211,43122
1212,43151
1213,43088
1214,43078
1215,43051
1216,42972
1217,42842
1218,42741
1219,42759
1220,42698
1221,42659
1222,42595
1223,42505
1224,42426
1225,42286
1226,42228
1227,42184
1228,42079
1229,42110
1230,42072
1231,41931
1232,41831
1233,41848
1234,41671
1235,41590
1236,41635
1237,41632
1238,41500
1239,41464
1240,41349
1241,41366
1242,41393
1243,41315
1244,41194
1245,41176
1246,41172
1247,41113
1248,41012
1249,41042
1250,40983
1251,40870
1252,40760
1253,40743
1254,40587
1255,40554
1256,40473
1257,40308
1258,40263
1259,40194
1260,40077
1261,40048
1262,40133
1263,40181
1264,40071
1265,40208
1266,40070
1267,39894
1268,39957
1269,39900
1270,39906
1271,39877
1272,39774
1273,39716
1274,39583
1275,39578
1276,39507
1277,39394
1278,39329
1279,39258
1280,38991
1281,39139
1282,39114
1283,38987
1284,38977
1285,38885
1286,38779
1287,38618
1288,38545
1289,38588
1290,38497
1291,38476
1292,38443
1293,38315
1294,38347
1295,38329
1296,38241
1297,38206
1298,38138
1299,38015
1300,37941
1301,37832
1302,37854
1303,37724
1304,37618
1305,37627
1306,37604
1307,37622
1308,37602
1309,37627
1310,37686
1311,37619
1312,37431
1313,37381
1314,37299
1315,37222
1316,37108
1317,37031
1318,37013
1319,36851
1320,36897
1321,36897
1322,36843
1323,36825
1324,36755
1325,36679
1326,36583
1327,36527
1328,36415
1329,36384
1330,36323
1331,36351
1332,36170
1333,35844
1334,35632
1335,35387
1336,35174
1337,34837
1338,34520
1339,34190
1340,33951
1341,33682
1342,33414
1343,33106
1344,32844
1345,32515
1346,32356
1347,32054
1348,31790
1349,31635
1350,31301
1351,31099
1352,30875
1353,30581
1354,30355
1355,30062
1356,29711
1357,29533
1358,29283
1359,29080
1360,28738
1361,28435
1362,28181
1363,27843
1364,27643
1365,27432
1366,27164
1367,26929
1368,26651
1369,26376
1370,26051
1371,25802
1372,25574
1373,25307
1374,25103
1375,24808
1376,24580
1377,24253
1378,24037
1379,23720
1380,23484
1381,23347
1382,23024
1383,22795
1384,22512
1385,22234
1386,22046
1387,21708
1388,21530
1389,21256
1390,21009
1391,20727
1392,20478
1393,20238
1394,20036
1395,19772
1396,19457
1397,19126
1398,18919
1399,18746
1400,18442
1401,18212
1402,17973
1403,17716
1404,17472
1405,17186
1406,16914
1407,16732
1408,16412
1409,16197
1410,15940
1411,15661
1412,15379
1413,15102
1414,14836
1415,14589
1416,14408
1417,14201
1418,14003
1419,13763
1420,13522
1421,13270
1422,13058
1423,12784
1424,12472
1425,12315
1426,12048
1427,11819
1428,11586
1429,11326
1430,11124
1431,10902
1432,10646
1433,10519
1434,10291
1435,10013
1436,9844
1437,9622
1438,9386
1439,9165
1440,8946
1441,8649
1442,8405
1443,8250
1444,7973
1445,7800
1446,7642
1447,7388
1448,7156
1449,6962
1450,6652
1451,6370
1452,6206
1453,5948
1454,5673
1455,5532
1456,5318
1457,4927
1458,4935
1459,4852
1460,4732
1461,4608
1462,4454
1463,4235
1464,4043
1465,3791
1466,3510
1467,3251
1468,3030
1469,2807
1470,2616
1471,2407
1472,2188
1473,1962
1474,1754
1475,1563
1476,1326
1477,1123
1478,909
1479,660
1480,458
1481,237
1482,0
1483,0
1484,0
1485,0
1486,0
1487,0
1488,0
1489,0
1490,0
1491,0
1492,0
1493,128
1494,245
1495,373
1496,484
1497,630
1498,756
1499,868
1500,984
1501,1109
1502,1261
1503,1378
1504,1513
1505,1627
1506,1752
1507,1862
1508,2024
1509,2158
1510,2296
1511,2432
1512,2532
1513,2667
1514,2722
1515,2756
1516,2667
1517,2749
1518,2885
1519,3024
1520,3223
1521,3356
1522,3460
1523,3618
1524,3711
1525,3904
1526,4006
1527,4144
1528,4264
1529,4413
1530,4595
1531,4743
1532,4877
1533,4956
1534,5140
1535,5298
1536,5451
1537,5633
1538,5785
1539,5947
1540,6108
1541,6246
1542,6421
1543,6637
1544,6834
1545,6977
1546,7096
1547,7191
1548,7382
1549,7515
1550,7677
1551,7767
1552,7956
1553,8156
1554,8233
1555,8410
1556,8519
1557,8709
1558,8845
1559,9050
1560,9193
1561,9336
1562,9466
1563,9545
1564,9768
1565,9930
1566,10126
1567,10279
1568,10407
1569,10602
1570,10756
1571,10949
1572,11125
1573,11287
1574,11389
1575,11616
1576,11760
1577,11936
1578,12088
1579,12235
1580,12394
1581,12523
1582,12757
1583,12909
1584,13115
1585,13278
1586,13380
1587,13571
1588,13765
1589,13888
1590,14134
1591,14274
1592,14429
1593,14625
1594,14713
1595,14914
1596,15072
1597,15232
1598,15445
1599,15637
1600,15763
1601,16004
1602,16155
1603,16327
1604,16427
1605,16634
1606,16736
1607,16937
1608,17149
1609,17366
1610,17600
1611,17794
1612,17979
1613,18167
1614,18369
1615,18581
1616,18710
1617,18946
1618,19070
1619,19338
1620,19514
1621,19667
1622,19766
1623,19929
1624,20157
1625,20390
1626,20590
1627,20793
1628,21003
1629,21131
1630,21346
1631,21481
1632,21736
1633,21833
1634,22002
1635,22186
1636,22319
1637,22495
1638,22715
1639,22877
1640,23032
1641,23182
1642,23308
1643,23473
1644,23567
1645,23568
1646,23644
1647,23752
1648,23799
1649,23912
1650,23947
1651,23977
1652,23991
1653,23952
1654,24125
1655,24151
1656,24273
1657,24333
1658,24434
1659,24556
1660,24625
1661,24661
1662,24577
1663,24582
1664,24706
1665,24852
1666,24909
1667,25014
1668,25138
1669,25171
1670,25292
1671,25350
1672,25413
1673,25470
1674,25562
1675,25606
1676,25685
1677,25757
1678,25795
1679,25901
1680,25862
1681,25956
1682,25990
1683,26026
1684,26081
1685,26078
1686,26136
1687,26120
1688,26164
1689,26312
1690,26404
1691,26452
1692,26478
1693,26559
1694,26683
1695,26668
1696,26713
1697,26838
1698,26834
1699,26876
1700,26982
1701,26991
1702,27083
1703,27147
1704,27189
1705,27300
1706,27350
1707,27420
1708,27527
1709,27612
1710,27620
1711,27705
1712,27752
1713,27816
1714,27830
1715,27853
1716,27982
1717,28014
1718,28045
1719,28084
1720,28170
1721,28229
1722,28214
1723,28235
1724,28360
1725,28416
1726,28499
1727,28533
1728,28558
1729,28652
1730,28591
1731,28728
1732,28831
1733,28822
1734,28898
1735,28942
1736,29049
1737,29153
1738,29244
1739,29190
1740,29297
1741,29233
1742,29289
1743,29412
1744,29502
1745,29515
1746,29536
1747,29599
1748,29648
1749,29677
1750,29714
1751,29744
1752,29698
1753,29827
1754,29950
1755,30019
1756,30067
1757,30101
1758,30080
1759,30136
1760,30183
1761,30272
1762,30249
1763,30343
1764,30306
1765,30304
1766,30388
1767,30315
1768,30418
1769,30492
1770,30595
1771,30626
1772,30583
1773,30596
1774,30662
1775,30677
1776,30760
1777,30813
1778,30799
1779,30888
1780,30941
1781,30872
1782,30995
1783,31067
1784,31164
1785,31245
1786,31226
1787,31269
1788,31268
1789,31349
1790,31391
1791,31467
1792,31510
1793,31470
1794,31599
1795,31701
1796,31745
1797,31760
1798,31797
1799,31767
1800,31806
1801,31781
1802,31883
1803,31948
1804,31947
1805,32072
1806,32156
1807,32174
1808,32196
1809,32174
1810,32168
1811,32147
1812,32236
1813,32221
1814,32320
1815,32335
1816,32393
1817,32472
1818,32576
1819,32524
1820,32643
1821,32690
1822,32630
1823,32619
1824,32629
1825,32741
1826,32818
1827,32864
1828,32839
1829,32921
1830,33000
1831,32948
1832,32919
1833,32973
1834,32962
1835,32910
1836,32986
1837,32888
1838,32934
1839,32862
1840,32947
1841,32951
1842,32884
1843,32892
1844,32948
1845,32985
1846,32881
1847,32968
1848,32944
1849,32998
1850,32976
1851,32986
1852,32904
1853,33035
1854,33064
1855,33038
1856,33117
1857,33094
1858,33087
1859,33052
1860,33041
1861,33091
1862,33053
1863,33063
1864,33007
1865,33034
1866,33062
1867,33102
1868,33088
1869,33081
1870,33126
1871,33097
1872,33161
1873,33225
1874,33206
1875,33121
1876,32995
1877,32917
1878,32958
1879,32930
1880,32897
1881,32958
1882,33040
1883,33064
1884,33071
1885,33083
1886,33062
1887,32890
1888,32912
1889,32937
1890,32826
1891,32945
1892,32952
1893,33015
1894,33074
1895,33097
1896,33080
1897,33156
1898,33173
1899,33066
1900,33064
1901,32999
1902,33062
1903,33030
1904,33038
1905,33011
1906,32943
1907,32947
1908,32938
1909,32938
1910,33009
1911,33088
1912,33117
1913,33186
1914,33230
1915,33160
1916,33199
1917,33183
1918,33209
1919,33313
1920,33386
1921,33461
1922,33435
1923,33590
1924,33510
1925,33604
1926,33604
1927,33651
1928,33629
1929,33541
1930,33593
1931,33768
1932,33753
1933,33737
1934,33759
1935,33727
1936,33710
1937,33690
1938,33649
1939,33648
1940,33587
1941,33737
1942,33757
1943,33753
1944,33792
1945,33762
1946,33830
1947,33865
1948,33854
1949,33819
1950,33765
1951,33895
1952,33936
1953,33830
1954,33854
1955,33926
1956,33843
1957,33851
1958,33850
1959,33982
1960,33972
1961,33938
1962,34058
1963,34088
1964,34166
1965,34201
1966,34170
1967,34311
1968,34342
1969,34345
1970,34337
1971,34398
1972,34388
1973,34494
1974,34451
1975,34512
1976,34560
1977,34578
1978,34695
1979,34672
1980,34757
1981,34856
1982,34922
1983,34887
1984,34831
1985,34926
1986,34983
1987,34973
1988,35090
1989,35102
1990,35236
1991,35224
1992,35356
1993,35346
1994,35384
1995,35576
1996,35516
1997,35523
1998,35589
1999,35581
2000,35627
2001,35709
2002,35651
2003,35737
2004,35758
2005,35843
2006,35930
2007,35992
2008,36018
2009,36048
2010,35974
2011,36037
2012,36122
2013,36125
2014,36196
2015,36315
2016,36332
2017,36360
2018,36430
2019,36444
2020,36552
2021,36524
2022,36510
2023,36599
2024,36680
2025,36717
2026,36808
2027,36838
2028,36930
2029,36937
2030,37047
2031,37168
2032,37299
2033,37232
2034,37360
2035,37389
2036,37432
2037,37470
2038,37581
2039,37561
2040,37621
2041,37746
2042,37738
2043,37808
2044,37841
2045,37848
2046,37964
2047,37892
2048,37887
2049,37846
2050,37980
2051,38101
2052,38081
2053,38029
2054,38107
2055,38135
2056,38105
2057,38162
2058,38219
2059,38225
2060,38235
2061,38292
2062,38321
2063,38266
2064,38366
2065,38443
2066,38437
2067,38427
2068,38486
2069,38379
2070,38431
2071,38555
2072,38567
2073,38586
2074,38676
2075,38703
2076,38691
2077,38793
2078,38727
2079,38821
2080,38817
2081,38868
2082,38906
2083,38892
2084,38939
2085,38784
2086,38808
2087,38806
2088,38941
2089,38913
2090,38908
2091,38994
2092,38960
2093,39055
2094,39172
2095,39134
2096,39149
2097,39321
2098,39279
2099,39261
2100,39295
2101,39290
2102,39310
2103,39332
2104,39296
2105,39242
2106,39300
2107,39390
2108,39261
2109,39271
2110,39292
2111,39302
2112,39281
2113,39216
2114,39156
2115,39089
2116,39127
2117,39084
2118,38980
2119,38855
2120,38829
2121,38894
2122,38842
2123,38874
2124,38825
2125,38805
2126,38826
2127,38883
2128,38883
2129,38896
2130,38875
2131,38886
2132,38812
2133,38852
2134,38841
2135,38795
2136,38796
2137,38828
2138,38795
2139,38804
2140,38789
2141,38810
2142,38820
2143,38780
2144,38779
2145,38708
2146,38740
2147,38741
2148,38835
2149,38963
2150,38901
2151,38884
2152,38861
2153,38829
2154,38798
2155,38808
2156,38864
2157,38683
2158,38729
2159,38735
2160,38687
2161,38612
2162,38512
2163,38541
2164,38427
2165,38435
2166,38440
2167,38540
2168,38590
2169,38524
2170,38590
2171,38558
2172,38545
2173,38547
2174,38389
2175,38378
2176,38343
2177,38299
2178,38267
2179,38250
2180,38224
2181,38095
2182,38201
2183,38215
2184,38160
2185,38119
2186,38068
2187,37980
2188,38004
2189,37944
2190,37798
2191,37831
2192,37823
2193,37808
2194,37757
2195,37793
2196,37810
2197,37658
2198,37600
2199,37537
2200,37546
2201,37528
2202,37492
2203,37444
2204,37365
2205,37220
2206,37239
2207,37170
2208,37039
2209,37071
2210,37046
2211,36951
2212,36934
2213,36925
2214,36864
2215,36934
2216,36782
2217,36801
2218,36731
2219,36664
2220,36653
2221,36538
2222,36315
2223,36359
2224,36258
2225,36277
2226,36134
2227,35973
2228,35982
2229,35982
2230,35974
2231,35939
2232,35908
2233,35786
2234,35749
2235,35807
2236,35722
2237,35690
2238,35618
2239,35585
2240,35462
2241,35395
2242,35381
2243,35251
2244,35164
2245,35055
2246,35099
2247,35017
2248,35072
2249,35126
2250,35043
2251,34979
2252,34852
2253,34825
2254,34852
2255,34766
2256,34717
2257,34678
2258,34723
2259,34674
2260,34561
2261,34672
2262,34610
2263,34523
2264,34579
2265,34421
2266,34385
2267,34328
2268,34253
2269,34208
2270,34282
2271,34318
2272,34259
2273,34283
2274,34194
2275,34102
2276,33922
2277,33865
2278,33773
2279,33789
2280,33690
2281,33651
2282,33569
2283,33442
2284,33508
2285,33397
2286,33336
2287,33179
2288,33169
2289,33043
2290,32960
2291,32797
2292,32724
2293,32706
2294,32546
2295,32600
2296,32560
2297,32554
2298,32430
2299,32302
2300,32326
2301,32300
2302,32334
2303,32375
2304,32337
2305,32245
2306,32158
2307,32195
2308,32141
2309,32102
2310,31905
2311,31918
2312,31946
2313,31852
2314,31767
2315,31764
2316,31741
2317,31702
2318,31505
2319,31455
2320,31435
2321,31421
2322,31407
2323,31490
2324,31477
2325,31373
2326,31340
2327,31393
2328,31354
2329,31370
2330,31200
2331,31184
2332,31045
2333,31075
2334,30911
2335,30874
2336,30970
2337,30989
2338,30992
2339,30793
2340,30941
2341,30892
2342,30881
2343,30819
2344,30749
2345,30738
2346,30715
2347,30770
2348,30684
2349,30701
2350,30705
2351,30738
2352,30771
2353,30765
2354,30788
2355,30692
2356,30690
2357,30598
2358,30560
2359,30620
2360,30593
2361,30595
2362,30623
2363,30509
2364,30568
2365,30634
2366,30668
2367,30650
2368,30702
2369,30788
2370,30782
2371,30708
2372,30848
2373,30799
2374,30845
2375,30844
2376,30940
2377,30960
2378,30904
2379,30875
2380,30801
2381,30864
2382,30926
2383,31008
2384,31087
2385,31173
2386,31141
2387,31193
2388,31302
2389,31429
2390,31499
2391,31493
2392,31550
2393,31531
2394,31649
2395,31685
2396,31736
2397,31669
2398,31769
2399,31859
2400,31897
2401,31840
2402,31867
2403,31932
2404,31936
2405,32074
2406,32200
2407,32225
2408,32322
2409,32356
2410,32497
2411,32484
2412,32639
2413,32685
2414,32754
2415,32825
2416,32861
2417,32925
2418,32897
2419,32937
2420,32871
2421,33060
2422,33111
2423,33209
2424,33191
2425,33266
2426,33427
2427,33298
2428,33381
2429,33473
2430,33444
2431,33521
2432,33600
2433,33693
2434,33673
2435,33741
2436,33867
2437,33888
2438,33952
2439,33983
2440,34016
2441,34043
2442,34055
2443,34123
2444,34152
2445,34172
2446,34240
2447,34374
2448,34474
2449,34562
2450,34569
2451,34534
2452,34570
2453,34600
2454,34649
2455,34662
2456,34729
2457,34785
2458,34812
2459,34839
2460,34914
2461,35003
2462,35104
2463,35050
2464,34987
2465,35125
2466,35188
2467,35318
2468,35272
2469,35190
2470,35248
2471,35252
2472,35402
2473,35405
2474,35459
2475,35518
2476,35507
2477,35631
2478,35578
2479,35582
2480,35693
2481,35735
2482,35777
2483,35730
2484,35716
2485,35607
2486,35630
2487,35692
2488,35675
2489,35743
2490,35730
2491,35752
2492,35844
2493,35781
2494,35821
2495,35831
2496,35892
2497,35800
2498,35796
2499,35853
2500,35724
2501,35658
2502,35729
2503,35808
2504,35763
2505,35782
2506,35744
2507,35825
2508,35732
2509,35702
2510,35797
2511,35698
2512,35665
2513,35667
2514,35636
2515,35660
2516,35636
2517,35599
2518,35631
2519,35647
2520,35548
2521,35567
2522,35487
2523,35442
2524,35341
2525,35231
2526,35300
2527,35319
2528,35304
2529,35294
2530,35224
2531,35245
2532,35220
2533,35115
2534,35166
2535,35146
2536,35141
2537,35075
2538,34961
2539,34926
2540,34965
2541,34868
2542,34816
2543,34721
2544,34648
2545,34535
2546,34477
2547,34505
2548,34421
2549,34344
2550,34323
2551,34303
2552,34222
2553,34164
2554,34031
2555,34021
2556,33944
2557,33937
2558,33769
2559,33699
2560,33560
2561,33447
2562,33522
2563,33425
2564,33349
2565,33292
2566,33197
2567,33199
2568,33216
2569,33184
2570,33115
2571,33073
2572,32956
2573,32884
2574,32935
2575,32824
2576,32857
2577,32798
2578,32729
2579,32652
2580,32632
2581,32492
2582,32461
2583,32414
2584,32338
2585,32245
2586,32181
2587,32092
2588,31929
2589,32031
2590,31960
2591,31949
2592,31917
2593,31865
2594,31858
2595,31849
2596,31828
2597,31879
2598,31811
2599,31746
2600,31819
2601,31723
2602,31813
2603,31747
2604,31588
2605,31453
2606,31421
2607,31418
2608,31373
2609,31211
2610,31242
2611,31191
2612,31139
2613,31191
2614,31162
2615,31159
2616,31232
2617,31105
2618,31100
2619,30966
2620,30917
2621,31013
2622,30990
2623,30968
2624,30942
2625,30947
2626,30855
2627,30816
2628,30756
2629,30746
2630,30736
2631,30745
2632,30579
2633,30669
2634,30656
2635,30646
2636,30630
2637,30654
2638,30657
2639,30699
2640,30752
2641,30760
2642,30629
2643,30633
2644,30622
2645,30629
2646,30595
2647,30569
2648,30605
2649,30559
2650,30508
2651,30565
2652,30462
2653,30456
2654,30491
2655,30506
2656,30514
2657,30403
2658,30504
2659,30459
2660,30502
2661,30532
2662,30540
2663,30535
2664,30561
2665,30512
2666,30417
2667,30553
2668,30544
2669,30641
2670,30599
2671,30592
2672,30627
2673,30571
2674,30616
2675,30640
2676,30647
2677,30581
2678,30555
2679,30629
2680,30652
2681,30638
2682,30669
2683,30647
2684,30708
2685,30851
2686,30846
2687,30947
2688,30900
2689,31010
2690,31090
2691,31197
2692,31257
2693,31330
2694,31309
2695,31370
2696,31366
2697,31496
2698,31649
2699,31663
2700,31801
2701,31882
2702,31995
2703,32049
2704,32106
2705,32199
2706,32284
2707,32405
2708,32485
2709,32523
2710,32638
2711,32668
2712,32710
2713,32802
2714,32853
2715,33023
2716,32993
2717,33102
2718,33237
2719,33254
2720,33157
2721,33227
2722,33314
2723,33405
2724,33525
2725,33603
2726,33621
2727,33763
2728,33833
2729,33931
2730,34096
2731,34188
2732,34223
2733,34352
2734,34481
2735,34581
2736,34652
2737,34772
2738,34842
2739,34995
2740,35134
2741,35245
2742,35256
2743,35370
2744,35402
2745,35340
2746,35353
2747,35462
2748,35581
2749,35658
2750,35784
2751,35833
2752,35906
2753,35899
2754,36008
2755,36122
2756,36260
2757,36426
2758,36594
2759,36671
2760,36714
2761,36742
2762,36806
2763,36845
2764,36925
2765,36848
2766,37006
2767,36892
2768,37042
2769,37263
2770,37452
2771,37537
2772,37724
2773,37857
2774,38026
2775,38049
2776,38111
2777,38154
2778,38110
2779,38202
2780,38288
2781,38400
2782,38555
2783,38699
2784,38711
2785,38949
2786,39074
2787,39011
2788,39191
2789,39261
2790,39357
2791,39435
2792,39476
2793,39501
2794,39594
2795,39753
2796,39923
2797,39972
2798,40105
2799,40174
2800,40338
2801,40416
2802,40481
2803,40458
2804,40548
2805,40786
2806,40816
2807,40941
2808,40910
2809,40983
2810,41033
2811,41117
2812,41140
2813,41207
2814,41257
2815,41339
2816,41394
2817,41529
2818,41594
2819,41597
2820,41684
2821,41666
2822,41736
2823,41701
2824,41678
2825,41816
2826,41944
2827,42044
2828,42031
2829,41965
2830,42016
2831,41964
2832,42003
2833,41898
2834,41938
2835,41910
2836,41929
2837,42033
2838,42103
2839,42091
2840,42242
2841,42382
2842,42386
2843,42345
2844,42457
2845,42429
2846,42500
2847,42380
2848,42323
2849,42363
2850,42413
2851,42426
2852,42389
2853,42468
2854,42498
2855,42468
2856,42477
2857,42519
2858,42554
2859,42641
2860,42670
2861,42614
2862,42648
2863,42621
2864,42579
2865,42541
2866,42531
2867,42562
2868,42435
2869,42559
2870,42610
2871,42740
2872,42803
2873,42838
2874,42752
2875,42926
2876,42912
2877,43008
2878,43023
2879,42977
2880,42917
2881,42886
2882,42931
2883,42888
2884,42972
2885,42972
2886,42943
2887,42877
2888,42914
2889,42880
2890,42870
2891,42891
2892,42961
2893,42988
2894,43001
2895,43068
2896,43163
2897,43040
2898,42956
2899,43062
2900,42990
2901,43032
2902,43098
2903,43145
2904,43051
2905,43128
2906,42995
2907,42961
2908,43038
2909,43062
2910,43079
2911,43191
2912,43060
2913,43028
2914,43082
2915,43055
2916,43161
2917,43173
2918,43134
2919,43176
2920,43148
2921,43167
2922,42989
2923,43122
2924,43136
2925,43139
2926,43055
2927,43141
2928,43120
2929,43067
2930,43126
2931,43020
2932,42964
2933,43078
2934,43106
2935,43072
2936,43034
2937,43033
2938,43086
2939,43110
2940,43060
2941,42995
2942,42997
2943,42968
2944,42928
2945,42942
2946,42972
2947,43027
2948,43080
2949,43037
2950,43079
2951,43099
2952,43100
2953,43026
2954,43063
2955,43081
2956,43240
2957,43210
2958,43152
2959,43346
2960,43345
2961,43356
2962,43422
2963,43391
2964,43373
2965,43244
2966,43289
2967,43492
2968,43422
2969,43452
2970,43510
2971,43500
2972,43555
2973,43479
2974,43392
2975,43462
2976,43377
2977,43484
2978,43636
2979,43640
2980,43682
2981,43693
2982,43815
2983,43808
2984,43840
2985,43794
2986,43726
2987,43750
2988,43797
2989,43804
2990,43770
2991,43782
2992,43831
2993,43771
2994,43926
2995,44040
2996,44059
2997,44069
2998,44072
2999,44030
3000,44075
3001,44022
3002,44058
3003,44155
3004,44279
3005,44247
3006,44224
3007,44274
3008,44263
3009,44358
3010,44392
3011,44454
3012,44575
3013,44530
3014,44553
3015,44498
3016,44619
3017,44618
3018,44550
3019,44612
3020,44713
3021,44717
3022,44682
3023,44584
3024,44581
3025,44596
3026,44733
3027,44751
3028,44779
3029,44755
3030,44662
3031,44750
3032,44747
3033,44772
3034,44797
3035,44912
3036,44967
3037,44990
3038,44986
3039,44962
3040,45090
3041,45151
3042,45145
3043,45203
3044,45183
3045,45142
3046,45205
3047,45149
3048,45070
3049,44988
3050,45122
3051,45184
3052,45109
3053,45151
3054,45162
3055,45123
3056,45084
3057,45103
3058,45085
3059,44948
3060,45018
3061,45014
3062,45157
3063,45189
3064,45111
3065,45131
3066,45239
3067,45194
3068,45252
3069,45200
3070,45208
3071,45117
3072,45099
3073,45098
3074,45129
3075,45113
3076,45137
3077,45107
3078,45061
3079,45019
3080,45114
3081,44964
3082,45014
3083,45038
3084,45065
3085,45086
3086,45152
3087,45032
3088,45031
3089,45038
3090,44855
3091,44822
3092,44840
3093,44914
3094,44950
3095,44910
3096,44934
3097,44945
3098,44815
3099,44900
3100,44873
3101,44850
3102,44831
3103,44807
3104,44822
3105,44745
3106,44630
3107,44635
3108,44768
3109,44672
3110,44637
3111,44680
3112,44644
3113,44622
3114,44545
3115,44488
3116,44429
3117,44345
3118,44364
3119,44380
3120,44475
3121,44452
3122,44412
3123,44341
3124,44307
3125,44095
3126,44113
3127,43985
3128,44075
3129,44012
3130,43960
3131,43996
3132,44033
3133,43968
3134,43919
3135,43860
3136,43823
3137,43757
3138,43694
3139,43761
3140,43601
3141,43660
3142,43599
3143,43630
3144,43552
3145,43600
3146,43563
3147,43550
3148,43610
3149,43541
3150,43444
3151,43397
3152,43506
3153,43402
3154,43419
3155,43384
3156,43296
3157,43268
3158,43250
3159,43021
3160,43113
3161,43146
3162,43132
3163,43143
3164,43101
3165,43035
3166,43026
3167,43037
3168,43019
3169,42983
3170,42989
3171,43032
3172,42973
3173,43008
3174,42927
3175,42961
3176,42934
3177,43052
3178,42962
3179,42873
3180,42908
3181,42742
3182,42738
3183,42629
3184,42457
3185,42399
3186,42335
3187,42428
3188,42404
3189,42420
3190,42471
3191,42391
3192,42372
3193,42388
3194,42360
3195,42241
3196,42306
3197,42208
3198,42185
3199,42306
3200,42261
3201,42186
3202,42338
3203,42257
3204,42141
3205,42030
3206,41856
3207,41863
3208,41952
3209,41926
3210,41891
3211,41936
3212,41827
3213,41793
3214,41802
3215,41824
3216,41822
3217,41894
3218,41967
3219,41898
3220,41934
3221,41906
3222,41931
3223,41980
3224,42025
3225,42039
3226,41992
3227,42108
3228,42060
3229,41936
3230,42006
3231,42129
3232,42107
3233,42033
3234,42039
3235,42045
3236,42024
3237,42104
3238,42106
3239,42201
3240,42089
3241,42158
3242,42216
3243,42216
3244,42272
3245,42281
3246,42397
3247,42453
3248,42412
3249,42465
3250,42441
3251,42380
3252,42410
3253,42522
3254,42614
3255,42511
3256,42500
3257,42490
3258,42419
3259,42472
3260,42456
3261,42644
3262,42546
3263,42586
3264,42705
3265,42657
3266,42680
3267,42753
3268,42759
3269,42654
3270,42565
3271,42714
3272,42758
3273,42836
3274,42873
3275,42645
3276,42896
3277,42962
3278,42948
3279,42970
3280,42953
3281,43068
3282,42955
3283,43018
3284,43066
3285,43038
3286,42947
3287,42868
3288,42993
3289,42927
3290,42908
3291,42864
3292,42921
3293,42947
3294,42891
3295,42792
3296,42821
3297,42770
3298,42914
3299,42917
3300,42999
3301,43004
3302,43026
3303,42930
3304,42974
3305,43012
3306,43007
3307,43029
3308,43047
3309,43069
3310,43050
3311,43026
3312,43118
3313,43231
3314,43213
3315,43207
3316,43151
3317,43207
3318,43117
3319,43123
3320,43196
3321,43202
3322,43163
3323,43221
3324,43233
3325,43261
3326,43277
3327,43352
3328,43437
3329,43448
3330,43437
3331,43510
3332,43511
3333,43541
3334,43611
3335,43667
3336,43621
3337,43674
3338,43719
3339,43757
3340,43775
3341,43797
3342,43804
3343,43855
3344,43861
3345,43823
3346,43947
3347,44074
3348,44026
3349,44029
3350,43974
3351,44032
3352,44018
3353,44216
3354,44231
3355,44297
3356,44358
3357,44366
3358,44258
3359,44335
3360,44306
3361,44275
3362,44350
3363,44379
3364,44493
3365,44577
3366,44598
3367,44676
3368,44754
3369,44821
3370,44811
3371,44775
3372,44784
3373,45032
3374,45070
3375,45184
3376,45286
3377,45327
3378,45421
3379,45429
3380,45441
3381,45552
3382,45586
3383,45636
3384,45687
3385,45583
3386,45685
3387,45701
3388,45627
3389,45631
3390,45677
3391,45804
3392,45728
3393,45847
3394,46025
3395,46063
3396,46083
3397,46164
3398,46250
3399,46247
3400,46289
3401,46252
3402,46355
3403,46503
3404,46554
3405,46691
3406,46688
3407,46697
3408,46872
3409,46919
3410,46959
3411,47014
3412,47056
3413,47176
3414,47210
3415,47356
3416,47353
3417,47326
3418,47387
3419,47329
3420,47392
3421,47485
3422,47636
3423,47702
3424,47790
3425,47778
3426,47985
3427,47923
3428,48115
3429,48227
3430,48267
3431,48221
3432,48228
3433,48302
3434,48283
3435,48368
3436,48470
3437,48537
3438,48624
3439,48663
3440,48686
3441,48890
3442,48954
3443,48944
3444,48982
3445,49148
3446,49133
3447,49184
3448,49242
3449,49324
3450,49467
3451,49476
3452,49680
3453,49805
3454,49883
3455,49880
3456,49878
3457,50018
3458,50068
3459,50162
3460,50161
3461,50242
3462,50274
3463,50188
3464,50265
3465,50288
3466,50413
3467,50452
3468,50445
3469,50425
3470,50468
3471,50400
3472,50534
3473,50542
3474,50604
3475,50685
3476,50906
3477,50985
3478,51001
3479,51023
3480,51051
3481,51081
3482,51247
3483,51107
3484,51084
3485,51154
3486,51113
3487,51071
3488,51229
3489,51273
3490,51342
3491,51407
3492,51450
3493,51421
3494,51472
3495,51561
3496,51578
3497,51562
3498,51617
3499,51609
3500,51693
3501,51751
3502,51728
3503,51811
3504,51803
3505,51775
3506,51730
3507,51865
3508,51884
3509,51888
3510,52040
3511,52053
3512,52137
3513,52169
3514,52098
3515,52081
3516,52040
3517,52075
3518,52078
3519,52153
3520,52185
3521,52032
3522,52191
3523,52167
3524,52119
3525,52281
3526,52362
3527,52112
3528,52205
3529,52072
3530,52255
3531,52282
3532,52214
3533,52323
3534,52465
3535,52379
3536,52476
3537,52519
3538,52586
3539,52471
3540,52547
3541,52379
3542,52332
3543,52496
3544,52340
3545,52419
3546,52489
3547,52447
3548,52237
3549,52302
3550,52409
3551,52312
3552,52215
3553,52307
3554,52314
3555,52281
3556,52244
3557,52268
3558,52250
3559,52185
3560,52290
3561,52213
3562,52201
3563,52187
3564,52118
3565,52086
3566,51975
3567,51923
3568,52000
3569,52085
3570,51959
3571,51989
3572,51985
3573,51866
3574,51946
3575,51998
3576,51989
3577,51979
3578,52052
3579,51915
3580,52027
3581,52053
3582,52069
3583,52019
3584,52015
3585,51929
3586,51945
3587,51857
3588,51703
3589,51749
3590,51714
3591,51568
3592,51590
3593,51594
3594,51533
3595,51517
3596,51416
3597,51290
3598,51352
3599,51232
3600,51094
3601,50970
3602,50985
3603,51026
3604,51131
3605,51071
3606,51002
3607,51078
3608,50875
3609,50852
3610,50978
3611,50962
3612,50992
3613,51018
3614,51098
3615,51037
3616,50914
3617,50857
3618,50787
3619,50914
3620,50871
3621,50672
3622,50621
3623,50543
3624,50499
3625,50427
3626,50281
3627,50232
3628,50172
3629,50175
3630,50092
3631,50105
3632,50055
3633,49958
3634,49940
3635,49831
3636,49783
3637,49785
3638,49730
3639,49636
3640,49599
3641,49551
3642,49458
3643,49488
3644,49509
3645,49453
3646,49515
3647,49466
3648,49427
3649,49353
3650,49334
3651,49337
3652,49130
3653,48980
3654,48815
3655,48908
3656,48922
3657,48980
3658,48977
3659,48890
3660,48718
3661,48754
3662,48715
3663,48618
3664,48616
3665,48560
3666,48444
3667,48357
3668,48252
3669,48164
3670,48192
3671,48063
3672,47984
3673,48070
3674,47950
3675,47916
3676,47956
3677,47967
3678,47918
3679,47841
3680,47706
3681,47596
3682,47625
3683,47594
3684,47593
3685,47498
3686,47366
3687,47447
3688,47347
3689,47320
3690,47325
3691,47246
3692,47068
3693,47061
3694,47054
3695,46968
3696,46876
3697,46890
3698,46816
3699,46815
3700,46699
3701,46729
3702,46565
3703,46586
3704,46497
3705,46482
3706,46437
3707,46395
3708,46302
3709,46351
3710,46286
3711,46264
3712,46261
3713,46205
3714,46214
3715,46197
3716,46205
3717,46078
3718,46052
3719,46048
3720,46111
3721,46109
3722,45918
3723,45933
3724,45805
3725,45866
3726,45756
3727,45692
3728,45651
3729,45595
3730,45517
3731,45426
3732,45434
3733,45419
3734,45313
3735,45324
3736,45242
3737,45063
3738,45067
3739,45031
3740,44919
3741,44887
3742,44876
3743,44963
3744,44846
3745,44812
3746,44747
3747,44732
3748,44739
3749,44539
3750,44407
3751,44386
3752,44392
3753,44297
3754,44335
3755,44348
3756,44170
3757,44207
3758,44132
3759,44042
3760,43968
3761,43779
3762,43762
3763,43710
3764,43808
3765,43703
3766,43606
3767,43608
3768,43658
3769,43481
3770,43492
3771,43458
3772,43371
3773,43325
3774,43344
3775,43274
3776,43214
3777,43216
3778,43183
3779,43082
3780,42984
3781,42879
3782,42894
3783,42842
3784,42747
3785,42624
3786,42512
3787,42502
3788,42546
3789,42480
3790,42380
3791,42325
3792,42280
3793,42196
3794,42088
3795,42076
3796,42155
3797,42031
3798,42020
3799,41897
3800,41852
3801,41730
3802,41648
3803,41708
3804,41722
3805,41718
3806,41618
3807,41602
3808,41555
3809,41430
3810,41534
3811,41432
3812,41382
3813,41378
3814,41318
3815,41170
3816,41125
3817,41082
3818,40916
3819,40956
3820,40860
3821,40757
3822,40808
3823,40710
3824,40519
3825,40658
3826,40516
3827,40546
3828,40560
3829,40394
3830,40417
3831,40210
3832,40195
3833,40086
3834,40091
3835,40046
3836,40023
3837,39978
3838,39858
3839,39754
3840,39838
3841,39739
3842,39731
3843,39599
3844,39562
3845,39424
3846,39395
3847,39312
3848,39093
3849,39074
3850,38993
3851,38941
3852,38868
3853,38804
3854,38844
3855,38877
3856,38878
3857,38772
3858,38755
3859,38729
3860,38593
3861,38601
3862,38634
3863,38464
3864,38472
3865,38516
3866,38489
3867,38391
3868,38304
3869,38209
3870,38283
3871,38111
3872,38138
3873,38209
3874,38186
3875,38129
3876,38220
3877,38171
3878,38177
3879,38104
3880,38137
3881,38112
3882,38166
3883,38180
3884,38158
3885,38122
3886,37985
3887,38051
3888,37977
3889,37987
3890,37995
3891,38051
3892,38104
3893,38135
3894,38189
3895,38206
3896,38180
3897,38214
3898,38231
3899,38231
3900,38136
3901,38211
3902,38250
3903,38260
3904,38278
3905,38254
3906,38253
3907,38323
3908,38281
3909,38369
3910,38270
3911,38273
3912,38214
3913,38259
3914,38314
3915,38236
3916,38186
3917,38341
3918,38322
3919,38320
3920,38363
3921,38323
3922,38414
3923,38512
3924,38595
3925,38595
3926,38585
3927,38536
3928,38625
3929,38602
3930,38706
3931,38825
3932,38791
3933,38788
3934,38761
3935,38703
3936,38818
3937,38847
3938,38929
3939,38875
3940,38947
3941,39008
3942,38994
3943,39102
3944,39027
3945,39151
3946,39121
3947,39214
3948,39265
3949,39175
3950,39269
3951,39301
3952,39363
3953,39397
3954,39449
3955,39459
3956,39514
3957,39460
3958,39446
3959,39545
3960,39599
3961,39662
3962,39806
3963,39789
3964,39856
3965,39847
3966,39830
3967,39927
3968,40025
3969,40004
3970,39982
3971,40102
3972,40150
3973,40168
3974,40173
3975,40269
3976,40326
3977,40326
3978,40278
3979,40356
3980,40302
3981,40327
3982,40321
3983,40389
3984,40361
3985,40374
3986,40439
3987,40491
3988,40520
3989,40441
3990,40512
3991,40600
3992,40440
3993,40540
3994,40602
3995,40525
3996,40636
3997,40679
3998,40774
3999,40914
4000,40803
4001,40761
4002,40766
4003,40748
4004,40728
4005,40739
4006,40799
4007,40873
4008,40843
4009,40908
4010,40825
4011,40845
4012,40908
4013,40971
4014,40956
4015,40978
4016,40977
4017,40985
4018,40955
4019,40908
4020,40841
4021,40919
4022,40834
4023,40820
4024,40926
4025,40908
4026,40913
4027,40970
4028,40949
4029,40916
4030,40915
4031,40932
4032,40906
4033,40770
4034,40778
4035,40779
4036,40677
4037,40667
4038,40743
4039,40788
4040,40710
4041,40701
4042,40670
4043,40663
4044,40539
4045,40637
4046,40492
4047,40508
4048,40531
4049,40529
4050,40564
4051,40530
4052,40449
4053,40452
4054,40524
4055,40366
4056,40408
4057,40433
4058,40432
4059,40432
4060,40360
4061,40350
4062,40382
4063,40344
4064,40184
4065,40274
4066,40225
4067,40245
4068,40302
4069,40111
4070,40009
4071,40057
4072,40114
4073,40142
4074,40041
4075,40037
4076,39984
4077,39857
4078,39798
4079,39785
4080,39778
4081,39704
4082,39637
4083,39680
4084,39664
4085,39596
4086,39551
4087,39492
4088,39457
4089,39506
4090,39341
4091,39254
4092,39218
4093,39208
4094,39231
4095,39218
4096,39023
4097,38946
4098,38820
4099,38654
4100,38591
4101,38496
4102,38501
4103,38417
4104,38367
4105,38344
4106,38304
4107,38301
4108,38293
4109,38287
4110,38352
4111,38227
4112,38149
4113,38153
4114,38139
4115,38108
4116,38074
4117,37951
4118,37883
4119,37856
4120,37777
4121,37763
4122,37721
4123,37638
4124,37572
4125,37672
4126,37687
4127,37654
4128,37616
4129,37490
4130,37402
4131,37410
4132,37359
4133,37443
4134,37511
4135,37502
4136,37572
4137,37502
4138,37656
4139,37785
4140,37841
4141,37708
4142,37836
4143,37821
4144,37878
4145,37883
4146,37998
4147,38014
4148,37954
4149,38142
4150,38249
4151,38283
4152,38421
4153,38443
4154,38543
4155,38428
4156,38454
4157,38567
4158,38597
4159,38633
4160,38658
4161,38646
4162,38675
4163,38699
4164,38739
4165,38593
4166,38639
4167,38668
4168,38659
4169,38675
4170,38610
4171,38749
4172,38833
4173,38898
4174,38943
4175,38960
4176,39014
4177,39181
4178,39195
4179,39245
4180,39254
4181,39240
4182,39226
4183,39330
4184,39333
4185,39343
4186,39390
4187,39436
4188,39482
4189,39594
4190,39616
4191,39715
4192,39710
4193,39773
4194,39755
4195,39716
4196,39662
4197,39667
4198,39606
4199,39664
4200,39691
4201,39726
4202,39782
4203,39711
4204,39804
4205,39814
4206,39823
4207,39839
4208,39923
4209,39873
4210,39901
4211,39936
4212,39961
4213,40029
4214,40007
4215,40078
4216,40151
4217,40263
4218,40292
4219,40341
4220,40325
4221,40398
4222,40400
4223,40480
4224,40575
4225,40682
4226,40751
4227,40834
4228,40893
4229,40944
4230,40997
4231,41094
4232,41145
4233,41302
4234,41380
4235,41376
4236,41486
4237,41417
4238,41382
4239,41522
4240,41647
4241,41745
4242,41821
4243,41839
4244,41981
4245,42104
4246,42156
4247,42225
4248,42321
4249,42433
4250,42503
4251,42535
4252,42616
4253,42756
4254,42870
4255,42962
4256,42945
4257,43080
4258,43205
4259,43140
4260,43213
4261,43237
4262,43255
4263,43242
4264,43360
4265,43456
4266,43491
4267,43626
4268,43644
4269,43588
4270,43664
4271,43633
4272,43784
4273,43770
4274,43786
4275,43807
4276,43933
4277,44019
4278,44060
4279,44161
4280,44253
4281,44189
4282,44149
4283,44171
4284,44090
4285,44041
4286,44108
4287,44065
4288,44038
4289,44071
4290,44103
4291,44134
4292,44148
4293,44196
4294,44210
4295,44128
4296,44171
4297,44095
4298,44031
4299,44038
4300,44053
4301,43983
4302,44026
4303,44127
4304,44194
4305,44123
4306,44076
4307,44038
4308,44095
4309,44105
4310,44171
4311,44209
4312,44300
4313,44276
4314,44336
4315,44347
4316,44421
4317,44534
4318,44504
4319,44405
4320,44289
4321,44293
4322,44289
4323,44318
4324,44392
4325,44369
4326,44402
4327,44471
4328,44322
4329,44404
4330,44390
4331,44367
4332,44388
4333,44226
4334,44188
4335,44120
4336,44152
4337,44209
4338,44272
4339,44275
4340,44282
4341,44294
4342,44360
4343,44365
4344,44457
4345,44343
4346,44330
4347,44380
4348,44345
4349,44397
4350,44452
4351,44460
4352,44452
4353,44422
4354,44343
4355,44404
4356,44408
4357,44520
4358,44618
4359,44585
4360,44606
4361,44700
4362,44771
4363,44809
4364,44856
4365,44962
4366,44881
4367,44888
4368,44744
4369,44635
4370,44480
4371,44459
4372,44641
4373,44691
4374,44703
4375,44677
4376,44825
4377,44770
4378,44764
4379,44806
4380,44805
4381,44840
4382,44744
4383,44731
4384,44811
4385,44809
4386,44763
4387,44712
4388,44826
4389,44751
4390,44863
4391,44857
4392,44875
4393,44846
4394,44816
4395,44775
4396,44665
4397,44593
4398,44516
4399,44533
4400,44405
4401,44490
4402,44538
4403,44601
4404,44624
4405,44659
4406,44783
4407,44758
4408,44722
4409,44642
4410,44736
4411,44945
4412,44980
4413,44978
4414,45148
4415,45127
4416,45202
4417,45307
4418,45333
4419,45253
4420,45216
4421,45181
4422,45274
4423,45156
4424,45243
4425,45184
4426,45155
4427,45132
4428,45214
4429,45251
4430,45253
4431,45223
4432,45182
4433,45145
4434,45337
4435,45378
4436,45360
4437,45338
4438,45329
4439,45169
4440,45170
4441,45208
4442,45263
4443,45288
4444,45282
4445,45271
4446,45267
4447,45346
4448,45326
4449,45401
4450,45311
4451,45163
4452,45158
4453,45261
4454,45290
4455,45168
4456,45178
4457,45126
4458,45238
4459,45243
4460,45272
4461,45293
4462,45334
4463,45335
4464,45216
4465,45146
4466,45274
4467,45196
4468,45155
4469,45023
4470,44972
4471,45047
4472,44949
4473,44906
4474,44963
4475,44910
4476,44776
4477,44796
4478,44828
4479,44872
4480,44772
4481,44723
4482,44828
4483,44851
4484,44872
4485,44791
4486,44744
4487,44743
4488,44734
4489,44637
4490,44682
4491,44659
4492,44573
4493,44448
4494,44344
4495,44317
4496,44184
4497,44347
4498,44275
4499,44170
4500,44217
4501,44212
4502,44245
4503,44196
4504,44173
4505,44050
4506,43989
4507,44013
4508,43793
4509,43763
4510,43768
4511,43703
4512,43795
4513,43702
4514,43677
4515,43674
4516,43527
4517,43544
4518,43441
4519,43442
4520,43423
4521,43418
4522,43335
4523,43254
4524,43235
4525,43221
4526,43167
4527,43175
4528,43053
4529,43085
4530,42952
4531,42853
4532,42757
4533,42689
4534,42530
4535,42624
4536,42628
4537,42659
4538,42713
4539,42699
4540,42624
4541,42602
4542,42634
4543,42450
4544,42467
4545,42397
4546,42316
4547,42323
4548,42378
4549,42159
4550,42168
4551,42121
4552,42120
4553,42112
4554,42057
4555,42017
4556,41912
4557,41854
4558,41838
4559,41763
4560,41709
4561,41618
4562,41625
4563,41636
4564,41415
4565,41375
4566,41359
4567,41257
4568,41162
4569,41051
4570,41117
4571,41111
4572,41071
4573,41061
4574,40963
4575,40822
4576,40695
4577,40711
4578,40672
4579,40535
4580,40545
4581,40444
4582,40339
4583,40231
4584,40276
4585,40316
4586,40315
4587,40233
4588,39724
4589,39956
4590,39949
4591,39771
4592,39738
4593,39596
4594,39574
4595,39588
4596,39486
4597,39450
4598,39331
4599,39322
4600,39328
4601,39221
4602,39302
4603,39242
4604,39259
4605,39218
4606,39120
4607,39012
4608,39062
4609,38971
4610,38918
4611,38944
4612,39017
4613,38895
4614,38961
4615,38910
4616,38898
4617,38753
4618,38757
4619,38864
4620,38776
4621,38711
4622,38675
4623,38692
4624,38832
4625,38716
4626,38782
4627,38721
4628,38769
4629,38801
4630,38709
4631,38589
4632,38582
4633,38591
4634,38626
4635,38581
4636,38529
4637,38559
4638,38633
4639,38604
4640,38563
4641,38589
4642,38533
4643,38617
4644,38564
4645,38495
4646,38392
4647,38397
4648,38398
4649,38476
4650,38393
4651,38318
4652,38261
4653,38278
4654,38376
4655,38273
4656,38335
4657,38285
4658,38205
4659,38244
4660,38141
4661,38087
4662,38025
4663,37994
4664,37946
4665,38010
4666,37977
4667,37905
4668,37878
4669,37828
4670,37826
4671,37807
4672,37808
4673,37748
4674,37893
4675,37866
4676,37962
4677,37948
4678,37946
4679,38033
4680,37986
4681,37956
4682,37958
4683,37850
4684,37830
4685,37769
4686,37716
4687,37789
4688,37738
4689,37726
4690,37621
4691,37654
4692,37647
4693,37672
4694,37616
4695,37517
4696,37400
4697,37343
4698,37240
4699,37291
4700,37182
4701,37069
4702,37178
4703,37209
4704,37226
4705,37236
4706,37199
4707,37058
4708,36969
4709,36957
4710,36968
4711,36797
4712,36782
4713,36807
4714,36829
4715,36896
4716,36920
4717,36923
4718,36773
4719,36873
4720,36734
4721,36685
4722,36802
4723,36839
4724,36815
4725,36833
4726,36901
4727,36695
4728,36690
4729,36733
4730,36755
4731,36764
4732,36708
4733,36725
4734,36801
4735,36725
4736,36699
4737,36590
4738,36621
4739,36625
4740,36582
4741,36527
4742,36433
4743,36395
4744,36345
4745,36378
4746,36452
4747,36416
4748,36398
4749,36258
4750,36220
4751,36170
4752,36115
4753,36103
4754,36086
4755,36077
4756,36159
4757,36155
4758,36062
4759,36216
4760,36205
4761,36228
4762,36205
4763,36044
4764,36034
4765,36079
4766,36075
4767,36061
4768,36083
4769,36049
4770,36127
4771,36071
4772,36010
4773,36082
4774,36168
4775,36121
4776,36033
4777,35979
4778,36049
4779,36121
4780,36099
4781,36088
4782,36017
4783,36085
4784,36151
4785,36260
4786,36262
4787,36339
4788,36407
4789,36390
4790,36405
4791,36406
4792,36371
4793,36284
4794,36271
4795,36368
4796,36482
4797,36585
4798,36566
4799,36513
4800,36624
4801,36708
4802,36832
4803,36801
4804,36779
4805,36786
4806,36851
4807,36878
4808,36980
4809,36989
4810,37081
4811,37164
4812,37111
4813,37277
4814,37238
4815,37391
4816,37490
4817,37447
4818,37515
4819,37492
4820,37513
4821,37575
4822,37580
4823,37621
4824,37420
4825,37520
4826,37544
4827,37563
4828,37575
4829,37623
4830,37762
4831,37769
4832,37886
4833,37951
4834,37958
4835,37996
4836,37929
4837,38039
4838,38056
4839,38069
4840,38094
4841,38114
4842,38291
4843,38321
4844,38423
4845,38472
4846,38509
4847,38582
4848,38630
4849,38615
4850,38731
4851,38780
4852,38767
4853,38902
4854,38977
4855,39044
4856,39106
4857,39071
4858,39032
4859,39068
4860,39111
4861,39158
4862,39197
4863,39165
4864,39096
4865,39111
4866,39105
4867,39264
4868,39183
4869,39289
4870,39345
4871,39415
4872,39478
4873,39638
4874,39685
4875,39802
4876,39808
4877,39782
4878,39845
4879,39837
4880,39931
4881,39839
4882,39938
4883,40081
4884,40105
4885,40149
4886,40246
4887,40338
4888,40378
4889,40456
4890,40454
4891,40439
4892,40408
4893,40474
4894,40418
4895,40452
4896,40488
4897,40516
4898,40545
4899,40586
4900,40599
4901,40434
4902,40518
4903,40563
4904,40521
4905,40570
4906,40588
4907,40665
4908,40632
4909,40595
4910,40588
4911,40600
4912,40622
4913,40565
4914,40583
4915,40702
4916,40697
4917,40831
4918,40790
4919,40811
4920,40784
4921,40834
4922,40787
4923,40702
4924,40730
4925,40786
4926,40810
4927,40665
4928,40576
4929,40520
4930,40559
4931,40484
4932,40510
4933,40496
4934,40591
4935,40543
4936,40573
4937,40608
4938,40498
4939,40465
4940,40434
4941,40320
4942,40422
4943,40349
4944,40296
4945,40285
4946,40233
4947,40237
4948,40182
4949,40248
4950,40256
4951,40195
4952,40183
4953,40078
4954,39978
4955,39855
4956,39870
4957,39774
4958,39763
4959,39837
4960,39765
4961,39692
4962,39578
4963,39532
4964,39344
4965,39349
4966,39403
4967,39431
4968,39384
4969,39380
4970,39342
4971,39320
4972,39300
4973,39203
4974,39170
4975,39230
4976,39124
4977,39102
4978,39018
4979,39022
4980,38995
4981,39016
4982,39000
4983,38961
4984,38984
4985,39049
4986,39013
4987,38988
4988,38919
4989,38899
4990,38913
4991,38930
4992,38967
4993,38932
4994,38865
4995,38807
4996,38822
4997,38847
4998,38808
4999,38743
5000,38689
5001,38635
5002,38496
5003,38442
5004,38508
5005,38495
5006,38455
5007,38459
5008,38416
5009,38355
5010,38272
5011,38215
5012,38129
5013,38182
5014,38130
5015,38042
5016,38094
5017,38036
5018,37965
5019,37920
5020,37853
5021,37831
5022,37770
5023,37710
5024,37534
5025,37572
5026,37506
5027,37504
5028,37558
5029,37494
5030,37494
5031,37441
5032,37348
5033,37311
5034,37463
5035,37329
5036,37243
5037,37214
5038,37164
5039,37201
5040,37336
5041,37295
5042,37242
5043,37278
5044,37352
5045,37338
5046,37375
5047,37375
5048,37263
5049,37288
5050,37044
5051,37102
5052,37074
5053,36888
5054,36929
5055,36959
5056,36963
5057,36936
5058,36997
5059,36975
5060,36930
5061,37010
5062,36942
5063,36879
5064,36890
5065,36823
5066,36879
5067,36782
5068,36672
5069,36718
5070,36700
5071,36723
5072,36754
5073,36826
5074,36798
5075,36829
5076,36767
5077,36625
5078,36693
5079,36529
5080,36604
5081,36655
5082,36760
5083,36752
5084,36811
5085,36861
5086,36895
5087,36937
5088,36942
5089,36934
5090,36986
5091,36997
5092,36910
5093,36764
5094,36763
5095,36785
5096,36672
5097,36762
5098,36740
5099,36715
5100,36742
5101,36661
5102,36626
5103,36578
5104,36629
5105,36724
5106,36720
5107,36700
5108,36843
5109,36810
5110,36805
5111,36866
5112,36832
5113,36835
5114,36745
5115,36736
5116,36693
5117,36547
5118,36512
5119,36540
5120,36437
5121,36469
5122,36339
5123,36472
5124,36398
5125,36504
5126,36507
5127,36432
5128,36531
5129,36439
5130,36464
5131,36421
5132,36326
5133,36375
5134,36283
5135,36200
5136,36234
5137,36252
5138,36242
5139,36148
5140,36136
5141,36149
5142,36298
5143,36227
5144,36215
5145,36262
5146,36285
5147,36152
5148,36131
5149,36173
5150,36112
5151,36059
5152,36005
5153,36089
5154,36067
5155,36036
5156,36124
5157,36055
5158,36128
5159,36100
5160,36184
5161,36130
5162,36142
5163,36137
5164,36302
5165,36327
5166,36355
5167,36338
5168,36334
5169,36318
5170,36236
5171,36214
5172,36282
5173,36254
5174,36214
5175,36221
5176,36219
5177,36187
5178,36093
5179,36195
5180,36146
5181,36189
5182,36233
5183,36195
5184,36303
5185,36301
5186,36312
5187,36321
5188,36385
5189,36326
5190,36268
5191,36354
5192,36322
5193,36305
5194,36348
5195,36359
5196,36280
5197,36445
5198,36391
5199,36555
5200,36576
5201,36610
5202,36693
5203,36794
5204,36772
5205,36770
5206,36778
5207,36799
5208,36846
5209,36827
5210,36736
5211,36699
5212,36828
5213,36898
5214,36983
5215,36898
5216,36780
5217,36851
5218,36809
5219,36774
5220,36914
5221,36937
5222,36839
5223,36821
5224,36917
5225,36900
5226,36838
5227,36936
5228,36903
5229,36774
5230,36844
5231,36915
5232,36953
5233,36965
5234,36962
5235,36871
5236,36891
5237,36792
5238,36776
5239,36769
5240,36792
5241,36886
5242,36908
5243,36837
5244,36814
5245,36933
5246,36986
5247,36969
5248,37008
5249,36965
5250,36964
5251,36935
5252,36892
5253,36947
5254,36976
5255,37050
5256,37117
5257,37100
5258,37081
5259,37038
5260,37027
5261,37040
5262,37140
5263,37155
5264,37252
5265,37256
5266,37329
5267,37401
5268,37397
5269,37393
5270,37406
5271,37354
5272,37389
5273,37389
5274,37335
5275,37374
5276,37295
5277,37337
5278,37290
5279,37244
5280,37241
5281,37222
5282,37268
5283,37312
5284,37330
5285,37179
5286,37301
5287,37221
5288,37286
5289,37246
5290,37148
5291,37130
5292,37076
5293,37096
5294,37085
5295,37180
5296,37251
5297,37293
5298,37356
5299,37297
5300,37270
5301,37216
5302,37161
5303,37188
5304,37239
5305,37307
5306,37299
5307,37307
5308,37218
5309,37197
5310,37299
5311,37169
5312,37177
5313,37313
5314,37164
5315,37234
5316,37279
5317,37278
5318,37262
5319,37159
5320,37082
5321,37113
5322,37163
5323,37101
5324,37076
5325,37100
5326,37129
5327,37139
5328,37119
5329,37198
5330,37270
5331,37270
5332,37228
5333,37179
5334,37153
5335,37150
5336,37122
5337,37114
5338,37039
5339,37061
5340,37040
5341,37027
5342,36956
5343,36880
5344,36933
5345,36854
5346,36860
5347,36816
5348,36745
5349,36817
5350,36815
5351,36758
5352,36720
5353,36723
5354,36551
5355,36462
5356,36465
5357,36436
5358,36399
5359,36433
5360,36387
5361,36446
5362,36415
5363,36268
5364,36303
5365,36298
5366,36353
5367,36336
5368,36362
5369,36382
5370,36350
5371,36384
5372,36404
5373,36408
5374,36317
5375,36247
5376,36294
5377,36308
5378,36319
5379,36374
5380,36318
5381,36418
5382,36446
5383,36338
5384,36365
5385,36368
5386,36369
5387,36369
5388,36332
5389,36382
5390,36404
5391,36425
5392,36425
5393,36424
5394,36392
5395,36460
5396,36443
5397,36467
5398,36382
5399,36339
5400,36417
5401,36313
5402,36317
5403,36316
5404,36263
5405,36380
5406,36360
5407,36245
5408,36410
5409,36388
5410,36290
5411,36343
5412,36374
5413,36322
5414,36372
5415,36390
5416,36315
5417,36273
5418,36256
5419,36298
5420,36264
5421,36255
5422,36317
5423,36326
5424,36352
5425,36336
5426,36322
5427,36244
5428,36317
5429,36419
5430,36394
5431,36177
5432,36182
5433,36174
5434,36148
5435,36135
5436,36200
5437,36125
5438,36113
5439,36061
5440,36076
5441,36018
5442,35964
5443,36023
5444,36041
5445,36003
5446,35793
5447,35880
5448,35983
5449,35917
5450,35837
5451,35914
5452,35909
5453,35862
5454,35872
5455,35712
5456,35669
5457,35631
5458,35699
5459,35640
5460,35641
5461,35596
5462,35611
5463,35630
5464,35605
5465,35643
5466,35646
5467,35665
5468,35613
5469,35558
5470,35442
5471,35473
5472,35417
5473,35425
5474,35407
5475,35410
5476,35471
5477,35442
5478,35436
5479,35348
5480,35374
5481,35294
5482,35239
5483,35218
5484,35085
5485,35076
5486,35067
5487,35055
5488,35034
5489,34999
5490,35037
5491,35087
5492,35100
5493,35132
5494,35107
5495,35028
5496,34953
5497,34911
5498,34979
5499,34985
5500,35066
5501,35104
5502,35055
5503,34951
5504,34973
5505,34876
5506,34816
5507,34822
5508,34810
5509,34928
5510,34917
5511,34847
5512,34884
5513,34850
5514,34901
5515,34920
5516,34925
5517,34955
5518,34975
5519,35037
5520,34967
5521,34973
5522,34819
5523,34794
5524,34750
5525,34723
5526,34745
5527,34737
5528,34706
5529,34688
5530,34638
5531,34683
5532,34638
5533,34625
5534,34666
5535,34674
5536,34684
5537,34512
5538,34574
5539,34629
5540,34564
5541,34533
5542,34485
5543,34433
5544,34429
5545,34491
5546,34461
5547,34533
5548,34499
5549,34529
5550,34475
5551,34370
5552,34461
5553,34394
5554,34425
5555,34444
5556,34401
5557,34427
5558,34470
5559,34420
5560,34399
5561,34325
5562,34329
5563,34315
5564,34344
5565,34348
5566,34343
5567,34329
5568,34305
5569,34272
5570,34346
5571,34328
5572,34305
5573,34301
5574,34462
5575,34496
5576,34536
5577,34578
5578,34665
5579,34644
5580,34668
5581,34658
5582,34505
5583,34604
5584,34652
5585,34593
5586,34652
5587,34573
5588,34581
5589,34629
5590,34602
5591,34584
5592,34628
5593,34654
5594,34668
5595,34731
5596,34777
5597,34687
5598,34763
5599,34805
5600,34745
5601,34773
5602,34557
5603,34667
5604,34653
5605,34677
5606,34689
5607,34835
5608,34866
5609,34877
5610,34898
5611,34815
5612,34882
5613,34783
5614,34777
5615,34667
5616,34778
5617,34817
5618,34802
5619,34927
5620,34886
5621,34893
5622,34916
5623,34883
5624,34940
5625,34955
5626,34962
5627,34985
5628,34958
5629,35010
5630,35078
5631,35070
5632,35109
5633,35082
5634,35040
5635,35079
5636,35056
5637,35023
5638,35075
5639,35084
5640,35008
5641,35097
5642,35128
5643,35129
5644,35040
5645,34962
5646,34997
5647,34980
5648,35007
5649,35076
5650,35081
5651,35166
5652,35112
5653,35218
5654,35267
5655,35179
5656,35246
5657,35311
5658,35283
5659,35354
5660,35385
5661,35442
5662,35482
5663,35339
5664,35256
5665,35338
5666,35302
5667,35337
5668,35193
5669,35175
5670,35181
5671,35109
5672,35137
5673,35187
5674,35173
5675,35208
5676,35234
5677,35167
5678,35098
5679,35242
5680,35255
5681,35256
5682,35259
5683,35405
5684,35379
5685,35423
5686,35426
5687,35233
5688,35220
5689,35236
5690,35175
5691,35205
5692,35225
5693,35106
5694,35181
5695,35165
5696,35191
5697,35226
5698,35202
5699,35359
5700,35357
5701,35342
5702,35397
5703,35346
5704,35399
5705,35378
5706,35384
5707,35247
5708,35265
5709,35160
5710,35058
5711,35081
5712,34964
5713,35050
5714,34984
5715,35008
5716,35101
5717,35115
5718,35067
5719,35040
5720,35020
5721,34999
5722,35129
5723,35179
5724,35024
5725,35017
5726,35047
5727,35022
5728,34943
5729,34847
5730,34877
5731,34888
5732,34850
5733,34894
5734,34883
5735,34881
5736,34775
5737,34733
5738,34761
5739,34743
5740,34796
5741,34628
5742,34749
5743,34847
5744,34688
5745,34759
5746,34814
5747,34804
5748,34829
5749,34747
5750,34698
5751,34652
5752,34758
5753,34693
5754,34660
5755,34704
5756,34641
5757,34616
5758,34695
5759,34692
5760,34711
5761,34691
5762,34714
5763,34699
5764,34762
5765,34748
5766,34713
5767,34703
5768,34726
5769,34638
5770,34751
5771,34817
5772,34876
5773,34880
5774,34882
5775,34738
5776,34696
5777,34698
5778,34641
5779,34643
5780,34724
5781,34643
5782,34670
5783,34657
5784,34622
5785,34702
5786,34557
5787,34548
5788,34615
5789,34643
5790,34668
5791,34604
5792,34544
5793,34544
5794,34492
5795,34482
5796,34493
5797,34554
5798,34616
5799,34654
5800,34682
5801,34781
5802,34764
5803,34806
5804,34735
5805,34647
5806,34581
5807,34733
5808,34797
5809,34972
5810,34995
5811,35155
5812,35209
5813,35236
5814,35338
5815,35337
5816,35360
5817,35408
5818,35424
5819,35530
5820,35495
5821,35574
5822,35608
5823,35581
5824,35690
5825,35757
5826,35759
5827,35654
5828,35680
5829,35727
5830,35771
5831,35831
5832,35813
5833,35830
5834,35885
5835,35930
5836,35995
5837,36009
5838,36042
5839,36045
5840,36120
5841,36031
5842,36070
5843,36177
5844,36109
5845,36233
5846,36210
5847,36222
5848,36295
5849,36326
5850,36312
5851,36343
5852,36331
5853,36402
5854,36413
5855,36406
5856,36392
5857,36445
5858,36509
5859,36461
5860,36506
5861,36603
5862,36646
5863,36665
5864,36677
5865,36741
5866,36736
5867,36822
5868,36932
5869,37154
5870,37115
5871,37234
5872,37343
5873,37298
5874,37301
5875,37299
5876,37272
5877,37388
5878,37430
5879,37376
5880,37418
5881,37415
5882,37451
5883,37451
5884,37532
5885,37508
5886,37490
5887,37686
5888,37669
5889,37668
5890,37801
5891,37805
5892,37827
5893,37838
5894,37906
5895,37944
5896,37851
5897,37909
5898,38025
5899,38003
5900,38165
5901,38148
5902,38173
5903,38257
5904,38299
5905,38325
5906,38262
5907,38357
5908,38278
5909,38258
5910,38296
5911,38324
5912,38395
5913,38415
5914,38423
5915,38507
5916,38451
5917,38538
5918,38551
5919,38617
5920,38784
5921,38841
5922,38831
5923,38877
5924,38879
5925,38954
5926,38917
5927,38852
5928,38888
5929,38836
5930,38887
5931,38864
5932,38868
5933,38928
5934,38952
5935,39027
5936,39093
5937,39094
5938,39175
5939,39159
5940,39203
5941,39263
5942,39300
5943,39334
5944,39383
5945,39381
5946,39329
5947,39328
5948,39370
5949,39368
5950,39438
5951,39428
5952,39461
5953,39487
5954,39418
5955,39374
5956,39251
5957,39266
5958,39248
5959,39308
5960,39427
5961,39479
5962,39444
5963,39523
5964,39485
5965,39473
5966,39432
5967,39325
5968,39331
5969,39364
5970,39241
5971,39319
5972,39288
5973,39140
5974,39139
5975,39207
5976,39082
5977,39060
5978,39092
5979,39158
5980,39172
5981,39189
5982,39187
5983,39198
5984,39115
5985,39128
5986,39137
5987,39173
5988,39110
5989,39180
5990,39206
5991,39242
5992,39236
5993,39245
5994,39270
5995,39216
5996,39170
5997,39205
5998,39322
5999,39315
6000,39438
6001,39314
6002,39420
6003,39344
6004,39333
6005,39336
6006,39266
6007,39324
6008,39372
6009,39508
6010,39586
6011,39528
6012,39364
6013,39418
6014,39431
6015,39388
6016,39404
6017,39432
6018,39489
6019,39545
6020,39560
6021,39636
6022,39589
6023,39562
6024,39561
6025,39648
6026,39510
6027,39487
6028,39367
6029,39543
6030,39566
6031,39692
6032,39679
6033,39769
6034,39827
6035,39759
6036,39763
6037,39736
6038,39783
6039,39721
6040,39791
6041,39846
6042,39851
6043,39808
6044,39802
6045,39713
6046,39708
6047,39693
6048,39669
6049,39788
6050,39658
6051,39698
6052,39751
6053,39829
6054,39880
6055,40011
6056,40003
6057,40061
6058,40096
6059,40012
6060,40109
6061,40094
6062,40047
6063,40076
6064,40132
6065,40152
6066,40264
6067,40363
6068,40381
6069,40385
6070,40470
6071,40632
6072,40585
6073,40573
6074,40668
6075,40845
6076,40881
6077,41062
6078,40984
6079,41034
6080,41223
6081,41092
6082,41167
6083,41268
6084,41426
6085,41397
6086,41375
6087,41419
6088,41446
6089,41500
6090,41535
6091,41594
6092,41606
6093,41550
6094,41617
6095,41595
6096,41597
6097,41666
6098,41748
6099,41791
6100,41889
6101,41914
6102,41998
6103,42095
6104,42093
6105,42137
6106,42191
6107,42269
6108,42067
6109,42072
6110,42099
6111,42105
6112,42090
6113,42128
6114,42043
6115,42086
6116,42251
6117,42301
6118,42374
6119,42436
6120,42546
6121,42543
6122,42581
6123,42609
6124,42642
6125,42654
6126,42564
6127,42577
6128,42621
6129,42673
6130,42740
6131,42670
6132,42784
6133,42764
6134,42728
6135,42704
6136,42715
6137,42686
6138,42656
6139,42838
6140,42798
6141,42742
6142,42710
6143,42759
6144,42724
6145,42825
6146,42766
6147,42641
6148,42669
6149,42692
6150,42700
6151,42689
6152,42765
6153,42745
6154,42720
6155,42760
6156,42846
6157,42878
6158,42840
6159,42774
6160,42720
6161,42694
6162,42658
6163,42701
6164,42644
6165,42596
6166,42524
6167,42358
6168,42420
6169,42457
6170,42476
6171,42542
6172,42623
6173,42658
6174,42750
6175,42819
6176,42726
6177,42756
6178,42613
6179,42688
6180,42582
6181,42510
6182,42462
6183,42284
6184,42338
6185,42340
6186,42265
6187,42250
6188,42154
6189,42100
6190,42165
6191,42115
6192,42126
6193,42106
6194,42200
6195,42217
6196,42286
6197,42185
6198,42281
6199,42282
6200,42229
6201,42091
6202,42097
6203,42060
6204,41920
6205,41887
6206,41830
6207,41814
6208,41759
6209,41699
6210,41695
6211,41678
6212,41667
6213,41591
6214,41480
6215,41324
6216,41265
6217,41152
6218,41075
6219,41034
6220,41061
6221,41095
6222,41017
6223,41035
6224,41030
6225,40869
6226,40891
6227,40771
6228,40681
6229,40780
6230,40865
6231,40828
6232,40792
6233,40807
6234,40786
6235,40772
6236,40652
6237,40654
6238,40718
6239,40728
6240,40594
6241,40649
6242,40604
6243,40511
6244,40637
6245,40564
6246,40526
6247,40576
6248,40417
6249,40523
6250,40589
6251,40554
6252,40548
6253,40493
6254,40459
6255,40358
6256,40312
6257,40285
6258,40203
6259,40237
6260,40206
6261,40157
6262,40225
6263,40204
6264,40153
6265,40169
6266,40102
6267,40055
6268,40051
6269,40008
6270,40031
6271,39941
6272,40020
6273,39996
6274,40113
6275,40164
6276,40214
6277,40220
6278,40161
6279,40275
6280,40248
6281,40172
6282,40239
6283,40096
6284,40156
6285,40211
6286,40232
6287,40323
6288,40250
6289,40275
6290,40346
6291,40352
6292,40348
6293,40345
6294,40443
6295,40376
6296,40496
6297,40482
6298,40502
6299,40483
6300,40427
6301,40587
6302,40460
6303,40384
6304,40562
6305,40484
6306,40478
6307,40555
6308,40561
6309,40592
6310,40590
6311,40542
6312,40524
6313,40612
6314,40582
6315,40766
6316,40773
6317,40892
6318,40917
6319,40901
6320,40941
6321,40864
6322,40747
6323,40899
6324,40981
6325,41056
6326,41087
6327,41243
6328,41254
6329,41111
6330,41179
6331,41110
6332,41193
6333,41181
6334,41244
6335,41280
6336,41438
6337,41521
6338,41509
6339,41348
6340,41519
6341,41498
6342,41524
6343,41559
6344,41634
6345,41592
6346,41637
6347,41746
6348,41816
6349,41743
6350,41780
6351,41568
6352,41675
6353,41714
6354,41678
6355,41715
6356,41856
6357,41862
6358,41933
6359,42057
6360,42126
6361,42173
6362,42135
6363,42253
6364,42338
6365,42394
6366,42270
6367,42283
6368,42258
6369,42259
6370,42250
6371,42276
6372,42231
6373,42213
6374,42260
6375,42212
6376,42094
6377,42162
6378,42149
6379,42274
6380,42278
6381,42316
6382,42412
6383,42323
6384,42390
6385,42387
6386,42391
6387,42345
6388,42432
6389,42353
6390,42418
6391,42492
6392,42527
6393,42569
6394,42567
6395,42631
6396,42622
6397,42722
6398,42663
6399,42591
6400,42715
6401,42704
6402,42770
6403,42710
6404,42761
6405,42800
6406,42784
6407,42839
6408,42973
6409,42983
6410,42952
6411,43077
6412,43069
6413,42930
6414,42943
6415,42934
6416,42814
6417,42801
6418,42724
6419,42649
6420,42701
6421,42797
6422,42663
6423,42753
6424,42802
6425,42628
6426,42719
6427,42750
6428,42696
6429,42681
6430,42605
6431,42726
6432,42638
6433,42548
6434,42581
6435,42610
6436,42657
6437,42642
6438,42572
6439,42489
6440,42532
6441,42659
6442,42619
6443,42600
6444,42483
6445,42466
6446,42429
6447,42380
6448,42369
6449,42333
6450,42416
6451,42398
6452,42362
6453,42364
6454,42328
6455,42366
6456,42390
6457,42280
6458,42287
6459,42302
6460,42325
6461,42199
6462,42067
6463,42065
6464,42082
6465,41982
6466,41962
6467,41958
6468,42010
6469,41924
6470,42023
6471,41912
6472,41868
6473,41843
6474,41859
6475,41771
6476,41741
6477,41628
6478,41705
6479,41601
6480,41575
6481,41476
6482,41489
6483,41344
6484,41330
6485,41221
6486,41222
6487,41180
6488,41231
6489,41147
6490,41204
6491,41133
6492,41108
6493,41188
6494,41159
6495,41104
6496,41119
6497,41025
6498,40926
6499,40764
6500,40800
6501,40687
6502,40662
6503,40623
6504,40662
6505,40648
6506,40503
6507,40482
6508,40449
6509,40426
6510,40323
6511,40250
6512,40242
6513,40117
6514,40096
6515,40165
6516,40088
6517,40124
6518,39916
6519,39923
6520,39915
6521,39982
6522,39956
6523,39930
6524,39863
6525,39826
6526,39729
6527,39715
6528,39572
6529,39565
6530,39570
6531,39490
6532,39537
6533,39506
6534,39432
6535,39398
6536,39318
6537,39188
6538,39253
6539,39196
6540,39100
6541,39117
6542,39009
6543,38938
6544,38932
6545,38968
6546,38962
6547,38744
6548,38759
6549,38806
6550,38757
6551,38597
6552,38586
6553,38516
6554,38481
6555,38360
6556,38374
6557,38279
6558,38248
6559,38206
6560,38293
6561,38228
6562,38195
6563,38131
6564,38139
6565,38143
6566,38186
6567,38099
6568,38001
6569,37961
6570,37930
6571,38041
6572,38074
6573,38008
6574,38096
6575,37916
6576,37905
6577,37940
6578,37823
6579,37869
6580,37747
6581,37811
6582,37763
6583,37774
6584,37763
6585,37726
6586,37661
6587,37623
6588,37536
6589,37429
6590,37334
6591,37288
6592,37330
6593,37365
6594,37328
6595,37203
6596,37258
6597,37151
6598,37157
6599,37159
6600,37066
6601,37130
6602,37058
6603,37019
6604,37028
6605,36990
6606,36946
6607,37034
6608,36965
6609,37021
6610,36981
6611,36969
6612,37012
6613,36970
6614,36909
6615,36888
6616,36871
6617,36745
6618,36738
6619,36718
6620,36728
6621,36739
6622,36676
6623,36704
6624,36763
6625,36841
6626,36820
6627,36780
6628,36766
6629,36686
6630,36699
6631,36642
6632,36652
6633,36608
6634,36593
6635,36543
6636,36574
6637,36559
6638,36505
6639,36579
6640,36611
6641,36577
6642,36553
6643,36431
6644,36437
6645,36392
6646,36407
6647,36422
6648,36457
6649,36517
6650,36544
6651,36682
6652,36644
6653,36583
6654,36600
6655,36608
6656,36602
6657,36576
6658,36484
6659,36488
6660,36431
6661,36433
6662,36355
6663,36382
6664,36435
6665,36374
6666,36385
6667,36388
6668,36351
6669,36335
6670,36330
6671,36231
6672,36222
6673,36251
6674,36279
6675,36081
6676,36166
6677,36184
6678,35965
6679,35971
6680,35909
6681,35869
6682,35913
6683,35894
6684,35819
6685,35799
6686,35795
6687,35747
6688,35660
6689,35661
6690,35591
6691,35576
6692,35504
6693,35517
6694,35539
6695,35546
6696,35497
6697,35545
6698,35576
6699,35622
6700,35564
6701,35582
6702,35492
6703,35440
6704,35532
6705,35511
6706,35600
6707,35589
6708,35550
6709,35552
6710,35565
6711,35478
6712,35559
6713,35545
6714,35581
6715,35607
6716,35601
6717,35569
6718,35599
6719,35532
6720,35540
6721,35538
6722,35638
6723,35490
6724,35531
6725,35504
6726,35540
6727,35569
6728,35584
6729,35674
6730,35671
6731,35715
6732,35702
6733,35655
6734,35673
6735,35444
6736,35379
6737,35390
6738,35484
6739,35487
6740,35474
6741,35557
6742,35578
6743,35615
6744,35683
6745,35680
6746,35739
6747,35659
6748,35698
6749,35744
6750,35673
6751,35750
6752,35725
6753,35802
6754,35857
6755,35712
6756,35830
6757,35911
6758,35909
6759,35830
6760,35993
6761,35926
6762,35974
6763,35951
6764,35846
6765,35987
6766,36132
6767,36158
6768,36201
6769,36242
6770,36079
6771,36122
6772,36146
6773,36078
6774,36215
6775,36188
6776,36184
6777,36234
6778,36222
6779,36388
6780,36418
6781,36441
6782,36510
6783,36507
6784,36590
6785,36598
6786,36735
6787,36781
6788,36846
6789,36921
6790,36905
6791,36963
6792,37028
6793,37090
6794,37010
6795,37101
6796,37235
6797,37252
6798,37301
6799,37297
6800,37338
6801,37330
6802,37460
6803,37584
6804,37599
6805,37615
6806,37497
6807,37613
6808,37689
6809,37865
6810,37953
6811,38036
6812,37960
6813,38065
6814,38186
6815,38097
6816,38229
6817,38276
6818,38412
6819,38453
6820,38471
6821,38623
6822,38665
6823,38826
6824,38881
6825,38785
6826,38935
6827,38983
6828,39035
6829,39239
6830,39243
6831,39321
6832,39357
6833,39458
6834,38980
6835,39482
6836,39625
6837,39710
6838,39858
6839,39918
6840,40022
6841,40118
6842,40204
6843,40295
6844,40379
6845,40385
6846,40443
6847,40554
6848,40553
6849,40600
6850,40672
6851,40643
6852,40624
6853,40726
6854,40738
6855,40788
6856,40789
6857,40835
6858,40913
6859,40989
6860,40851
6861,40930
6862,40971
6863,40899
6864,40956
6865,41092
6866,41047
6867,41126
6868,41125
6869,41199
6870,41204
6871,41246
6872,41248
6873,41241
6874,41325
6875,41364
6876,41427
6877,41466
6878,41448
6879,41564
6880,41544
6881,41597
6882,41533
6883,41704
6884,41622
6885,41656
6886,41772
6887,41824
6888,41839
6889,41844
6890,41788
6891,41851
6892,41785
6893,41819
6894,41785
6895,41898
6896,42054
6897,42037
6898,42140
6899,42282
6900,42218
6901,42186
6902,42260
6903,42329
6904,42384
6905,42326
6906,42366
6907,42338
6908,42226
6909,42189
6910,42213
6911,42336
6912,42405
6913,42491
6914,42572
6915,42645
6916,42649
6917,42646
6918,42708
6919,42886
6920,43003
6921,42977
6922,42885
6923,42997
6924,43053
6925,43072
6926,43244
6927,43202
6928,43295
6929,43239
6930,43374
6931,43454
6932,43523
6933,43475
6934,43580
6935,43706
6936,43598
6937,43775
6938,43865
6939,43938
6940,43979
6941,44052
6942,44054
6943,44033
6944,44109
6945,44022
6946,43949
6947,43943
6948,44171
6949,44177
6950,44252
6951,44304
6952,44441
6953,44568
6954,44609
6955,44620
6956,44675
6957,44683
6958,44785
6959,44711
6960,44768
6961,44777
6962,44879
6963,44968
6964,44932
6965,44988
6966,45011
6967,45068
6968,45130
6969,45236
6970,45368
6971,45369
6972,45327
6973,45093
6974,45330
6975,45372
6976,45405
6977,45550
6978,45287
6979,45498
6980,45729
6981,45829
6982,45973
6983,46012
6984,46130
6985,46088
6986,46043
6987,46148
6988,46256
6989,46282
6990,46231
6991,46498
6992,46476
6993,46636
6994,46729
6995,46751
6996,46752
6997,46815
6998,46966
6999,47005
7000,47121
7001,47187
7002,47131
7003,47264
7004,47465
7005,47418
7006,47581
7007,47703
7008,47706
7009,47858
7010,48010
7011,48062
7012,48096
7013,48102
7014,47980
7015,48055
7016,48039
7017,47973
7018,48130
7019,48256
7020,48281
7021,48430
7022,48446
7023,48593
7024,48683
7025,48751
7026,48798
7027,48740
7028,48809
7029,48919
7030,49050
7031,49066
7032,49059
7033,49194
7034,49354
7035,49372
7036,49462
7037,49484
7038,49486
7039,49693
7040,49770
7041,49807
7042,49761
7043,49869
7044,49863
7045,50014
7046,49927
7047,49916
7048,49892
7049,50014
7050,50150
7051,50153
7052,50231
7053,50275
7054,50323
7055,50268
7056,50229
7057,50353
7058,50307
7059,50514
7060,50621
7061,50714
7062,50698
7063,50691
7064,50746
7065,50664
7066,50770
7067,50741
7068,50652
7069,50702
7070,50629
7071,50687
7072,50804
7073,50643
7074,50652
7075,50750
7076,50862
7077,50751
7078,50860
7079,50894
7080,50840
7081,50886
7082,50837
7083,50803
7084,50709
7085,50759
7086,50742
7087,50706
7088,50685
7089,50817
7090,50789
7091,50676
7092,50614
7093,50656
7094,50627
7095,50723
7096,50730
7097,50662
7098,50535
7099,50535
7100,50448
7101,50261
7102,50391
7103,50557
7104,50481
7105,50543
7106,50600
7107,50638
7108,50684
7109,50624
7110,50603
7111,50664
7112,50526
7113,50503
7114,50458
7115,50440
7116,50358
7117,50325
7118,50312
7119,50304
7120,50224
7121,50187
7122,50125
7123,50162
7124,50227
7125,50064
7126,50001
7127,50031
7128,50051
7129,49922
7130,49933
7131,49824
7132,49971
7133,49935
7134,49818
7135,49874
7136,49799
7137,49659
7138,49619
7139,49456
7140,49401
7141,49451
7142,49422
7143,49313
7144,49259
7145,49192
7146,49246
7147,49209
7148,49244
7149,48447
7150,48403
7151,49142
7152,48995
7153,48862
7154,48893
7155,48872
7156,48800
7157,48839
7158,48832
7159,48776
7160,48731
7161,48815
7162,48786
7163,48706
7164,48718
7165,48572
7166,48500
7167,48444
7168,48368
7169,48400
7170,48315
7171,48248
7172,48222
7173,48119
7174,48128
7175,48126
7176,48167
7177,48125
7178,48070
7179,47981
7180,48020
7181,47968
7182,47947
7183,47851
7184,47794
7185,47875
7186,47747
7187,47698
7188,47564
7189,47617
7190,47478
7191,47427
7192,47366
7193,47337
7194,47234
7195,47256
7196,47047
7197,47038
7198,46997
7199,46950
7200,46963
7201,46985
7202,46934
7203,46744
7204,46729
7205,46709
7206,46645
7207,46548
7208,46550
7209,46487
7210,46460
7211,46436
7212,46495
7213,46462
7214,46404
7215,46386
7216,46347
7217,46264
7218,46297
7219,46265
7220,46281
7221,46205
7222,46185
7223,46147
7224,46219
7225,46124
7226,46087
7227,46092
7228,45995
7229,45970
7230,45999
7231,45899
7232,45854
7233,45886
7234,45792
7235,45812
7236,45881
7237,45915
7238,45924
7239,45841
7240,45864
7241,45779
7242,45684
7243,45622
7244,45722
7245,45693
7246,45568
7247,45537
7248,45533
7249,45523
7250,45431
7251,45428
7252,45399
7253,45486
7254,45375
7255,45397
7256,45325
7257,45405
7258,45346
7259,45368
7260,45212
7261,45190
7262,45225
7263,45209
7264,45201
7265,45191
7266,45064
7267,45130
7268,45005
7269,44973
7270,45027
7271,44967
7272,44941
7273,44911
7274,44896
7275,44893
7276,44852
7277,44838
7278,44815
7279,44812
7280,44772
7281,44675
7282,44651
7283,44722
7284,44705
7285,44687
7286,44769
7287,44700
7288,44748
7289,44687
7290,44695
7291,44765
7292,44656
7293,44620
7294,44705
7295,44520
7296,44618
7297,44495
7298,44562
7299,44515
7300,44437
7301,44429
7302,44275
7303,44307
7304,44164
7305,44144
7306,44037
7307,44112
7308,44144
7309,44002
7310,43930
7311,43915
7312,43833
7313,43809
7314,43862
7315,43817
7316,43748
7317,43729
7318,43734
7319,43690
7320,43690
7321,43720
7322,43738
7323,43724
7324,43757
7325,43675
7326,43649
7327,43695
7328,43689
7329,43614
7330,43577
7331,43656
7332,43663
7333,43550
7334,43716
7335,43684
7336,43623
7337,43697
7338,43624
7339,43715
7340,43694
7341,43729
7342,43616
7343,43636
7344,43526
7345,43598
7346,43600
7347,43678
7348,43635
7349,43626
7350,43620
7351,43630
7352,43620
7353,43576
7354,43562
7355,43458
7356,43393
7357,43371
7358,43381
7359,43299
7360,43210
7361,43211
7362,43301
7363,43298
7364,43315
7365,43270
7366,43243
7367,43254
7368,43262
7369,43234
7370,43104
7371,43203
7372,43254
7373,43197
7374,43188
7375,43194
7376,43043
7377,43079
7378,43073
7379,43126
7380,43136
7381,43117
7382,43159
7383,43092
7384,43012
7385,43105
7386,43034
7387,43065
7388,43061
7389,43085
7390,43103
7391,43138
7392,43177
7393,43231
7394,43192
7395,43211
7396,43194
7397,43146
7398,43132
7399,43131
7400,43153
7401,43075
7402,43100
7403,43080
7404,43091
7405,43172
7406,43182
7407,43243
7408,43190
7409,43150
7410,43222
7411,43139
7412,43249
7413,43198
7414,43313
7415,43390
7416,43330
7417,43416
7418,43367
7419,43348
7420,43309
7421,43275
7422,43187
7423,43064
7424,43128
7425,43143
7426,43012
7427,43040
7428,42997
7429,43019
7430,43056
7431,43131
7432,43121
7433,43248
7434,43186
7435,43217
7436,43280
7437,43222
7438,43343
7439,43152
7440,43090
7441,43133
7442,43223
7443,43133
7444,43126
7445,43126
7446,43031
7447,42990
7448,43039
7449,42998
7450,43015
7451,43062
7452,42908
7453,42972
7454,42954
7455,42984
7456,43067
7457,43086
7458,43155
7459,43105
7460,43096
7461,43175
7462,43259
7463,43331
7464,43397
7465,43343
7466,43392
7467,43344
7468,43350
7469,43379
7470,43361
7471,43232
7472,43333
7473,43417
7474,43353
7475,43376
7476,43418
7477,43307
7478,43388
7479,43429
7480,43450
7481,43475
7482,43474
7483,43350
7484,43455
7485,43558
7486,43596
7487,43502
7488,43479
7489,43524
7490,43609
7491,43672
7492,43509
7493,43567
7494,43568
7495,43619
7496,43739
7497,43632
7498,43702
7499,43604
7500,43636
7501,43587
7502,43580
7503,43719
7504,43621
7505,43581
7506,43699
7507,43737
7508,43827
7509,43803
7510,43887
7511,43889
7512,43901
7513,43938
7514,43954
7515,43936
7516,43942
7517,43910
7518,43942
7519,43921
7520,43752
7521,43821
7522,43891
7523,43830
7524,43758
7525,43841
7526,43681
7527,43737
7528,43676
7529,43723
7530,43771
7531,43754
7532,43813
7533,43818
7534,43884
7535,43826
7536,43799
7537,43750
7538,43853
7539,43812
7540,43731
7541,43721
7542,43766
7543,43879
7544,43757
7545,43732
7546,43760
7547,43531
7548,43594
7549,43631
7550,43641
7551,43591
7552,43609
7553,43641
7554,43615
7555,43658
7556,43604
7557,43512
7558,43490
7559,43431
7560,43468
7561,43417
7562,43444
7563,43440
7564,43394
7565,43396
7566,43359
7567,43273
7568,43310
7569,43202
7570,43285
7571,43215
7572,43252
7573,43173
7574,43151
7575,43054
7576,43008
7577,42998
7578,42987
7579,42873
7580,42832
7581,42705
7582,42776
7583,42734
7584,42557
7585,42590
7586,42583
7587,42499
7588,42370
7589,42329
7590,42302
7591,42303
7592,42356
7593,42353
7594,42289
7595,42153
7596,42138
7597,42136
7598,42158
7599,42108
7600,42109
7601,42074
7602,42053
7603,42039
7604,41995
7605,41928
7606,41825
7607,41816
7608,41728
7609,41704
7610,41638
7611,41598
7612,41462
7613,41399
7614,41382
7615,41177
7616,41082
7617,41070
7618,40967
7619,40909
7620,40917
7621,40766
7622,40678
7623,40672
7624,40592
7625,40536
7626,40426
7627,40254
7628,40190
7629,40153
7630,39954
7631,39877
7632,39879
7633,39906
7634,39696
7635,39548
7636,39486
7637,39353
7638,39286
7639,39131
7640,38922
7641,38930
7642,38903
7643,38831
7644,38790
7645,38765
7646,38719
7647,38665
7648,38550
7649,38468
7650,38289
7651,38125
7652,37958
7653,37911
7654,37838
7655,37643
7656,37558
7657,37434
7658,37381
7659,37346
7660,37179
7661,37012
7662,36876
7663,36848
7664,36679
7665,36502
7666,36447
7667,36313
7668,36146
7669,36070
7670,35983
7671,35824
7672,35639
7673,35514
7674,35503
7675,35287
7676,35029
7677,34937
7678,34783
7679,34640
7680,34543
7681,34419
7682,34364
7683,34261
7684,34041
7685,33969
7686,33884
7687,33725
7688,33531
7689,33355
7690,33336
7691,33206
7692,33070
7693,32918
7694,32731
7695,32693
7696,32568
7697,32445
7698,32338
7699,32181
7700,32058
7701,31948
7702,31846
7703,31653
7704,31575
7705,31467
7706,31354
7707,31104
7708,30994
7709,30814
7710,30606
7711,30406
7712,30228
7713,30162
7714,29944
7715,29778
7716,29550
7717,29283
7718,29038
7719,28804
7720,28612
7721,28356
7722,28133
7723,27970
7724,27724
7725,27506
7726,27349
7727,27102
7728,26816
7729,26545
7730,26361
7731,26161
7732,25877
7733,25566
7734,25358
7735,25115
7736,24825
7737,24581
7738,24302
7739,24096
7740,23820
7741,23605
7742,23298
7743,23109
7744,22839
7745,22525
7746,22308
7747,22094
7748,21816
7749,21624
7750,21369
7751,21176
7752,20914
7753,20636
7754,20392
7755,20208
7756,19922
7757,19753
7758,19525
7759,19345
7760,19041
7761,18741
7762,18517
7763,18253
7764,18046
7765,17841
7766,17610
7767,17432
7768,17218
7769,16968
7770,16730
7771,16491
7772,16293
7773,16056
7774,15825
7775,15617
7776,15396
7777,15185
7778,14985
7779,14738
7780,14566
7781,14301
7782,14114
7783,13953
7784,13662
7785,13404
7786,13282
7787,13067
7788,12858
7789,12680
7790,12435
7791,12252
7792,12097
7793,11863
7794,11667
7795,11463
7796,11249
7797,11065
7798,10877
7799,10633
7800,10533
7801,10349
7802,10195
7803,9969
7804,9768
7805,9632
7806,9425
7807,9204
7808,8964
7809,8914
7810,8785
7811,8625
7812,8399
7813,8187
7814,7961
7815,7747
7816,7616
7817,7418
7818,7301
7819,7194
7820,7076
7821,6875
7822,6717
7823,6440
7824,6285
7825,6137
7826,5938
7827,5815
7828,5624
7829,5408
7830,5215
7831,5035
7832,4908
7833,4705
7834,4608
7835,4382
7836,4233
7837,4132
7838,3997
7839,3807
7840,3584
7841,3453
7842,3281
7843,3207
7844,3003
7845,2907
7846,2703
7847,2629
7848,2472
7849,2289
7850,2125
7851,1979
7852,1816
7853,1641
7854,1441
7855,1157
7856,892
7857,536